Year,State_name,Phenophase,Total Observations,Observation_Change,Total_Observations_All_Years,Average_Yearly_Change
2015.0,Andhra Pradesh,Flowers_Female,0,,16,0.75
2016.0,Andhra Pradesh,Flowers_Female,0,0.0,16,0.75
2017.0,Andhra Pradesh,Flowers_Female,0,0.0,16,0.75
2018.0,Andhra Pradesh,Flowers_Female,0,0.0,16,0.75
2019.0,Andhra Pradesh,Flowers_Female,4,4.0,16,0.75
2020.0,Andhra Pradesh,Flowers_Female,1,-3.0,16,0.75
2021.0,Andhra Pradesh,Flowers_Female,0,-1.0,16,0.75
2022.0,Andhra Pradesh,Flowers_Female,5,5.0,16,0.75
2023.0,Andhra Pradesh,Flowers_Female,6,1.0,16,0.75
2015.0,Andhra Pradesh,Flowers_bud,2,,983,2.75
2016.0,Andhra Pradesh,Flowers_bud,6,4.0,983,2.75
2017.0,Andhra Pradesh,Flowers_bud,345,339.0,983,2.75
2018.0,Andhra Pradesh,Flowers_bud,509,164.0,983,2.75
2019.0,Andhra Pradesh,Flowers_bud,89,-420.0,983,2.75
2020.0,Andhra Pradesh,Flowers_bud,1,-88.0,983,2.75
2021.0,Andhra Pradesh,Flowers_bud,1,0.0,983,2.75
2022.0,Andhra Pradesh,Flowers_bud,6,5.0,983,2.75
2023.0,Andhra Pradesh,Flowers_bud,24,18.0,983,2.75
2015.0,Andhra Pradesh,Flowers_male,0,,16,0.75
2016.0,Andhra Pradesh,Flowers_male,0,0.0,16,0.75
2017.0,Andhra Pradesh,Flowers_male,0,0.0,16,0.75
2018.0,Andhra Pradesh,Flowers_male,0,0.0,16,0.75
2019.0,Andhra Pradesh,Flowers_male,4,4.0,16,0.75
2020.0,Andhra Pradesh,Flowers_male,1,-3.0,16,0.75
2021.0,Andhra Pradesh,Flowers_male,0,-1.0,16,0.75
2022.0,Andhra Pradesh,Flowers_male,5,5.0,16,0.75
2023.0,Andhra Pradesh,Flowers_male,6,1.0,16,0.75
2015.0,Andhra Pradesh,Flowers_open,1,,977,3.0
2016.0,Andhra Pradesh,Flowers_open,6,5.0,977,3.0
2017.0,Andhra Pradesh,Flowers_open,343,337.0,977,3.0
2018.0,Andhra Pradesh,Flowers_open,509,166.0,977,3.0
2019.0,Andhra Pradesh,Flowers_open,85,-424.0,977,3.0
2020.0,Andhra Pradesh,Flowers_open,1,-84.0,977,3.0
2021.0,Andhra Pradesh,Flowers_open,1,0.0,977,3.0
2022.0,Andhra Pradesh,Flowers_open,6,5.0,977,3.0
2023.0,Andhra Pradesh,Flowers_open,25,19.0,977,3.0
2015.0,Andhra Pradesh,Fruits_open,0,,18,0.75
2016.0,Andhra Pradesh,Fruits_open,0,0.0,18,0.75
2017.0,Andhra Pradesh,Fruits_open,0,0.0,18,0.75
2018.0,Andhra Pradesh,Fruits_open,3,3.0,18,0.75
2019.0,Andhra Pradesh,Fruits_open,2,-1.0,18,0.75
2020.0,Andhra Pradesh,Fruits_open,1,-1.0,18,0.75
2021.0,Andhra Pradesh,Fruits_open,0,-1.0,18,0.75
2022.0,Andhra Pradesh,Fruits_open,6,6.0,18,0.75
2023.0,Andhra Pradesh,Fruits_open,6,0.0,18,0.75
2015.0,Andhra Pradesh,Fruits_ripe,2,,983,2.75
2016.0,Andhra Pradesh,Fruits_ripe,6,4.0,983,2.75
2017.0,Andhra Pradesh,Fruits_ripe,344,338.0,983,2.75
2018.0,Andhra Pradesh,Fruits_ripe,509,165.0,983,2.75
2019.0,Andhra Pradesh,Fruits_ripe,89,-420.0,983,2.75
2020.0,Andhra Pradesh,Fruits_ripe,1,-88.0,983,2.75
2021.0,Andhra Pradesh,Fruits_ripe,1,0.0,983,2.75
2022.0,Andhra Pradesh,Fruits_ripe,7,6.0,983,2.75
2023.0,Andhra Pradesh,Fruits_ripe,24,17.0,983,2.75
2015.0,Andhra Pradesh,Fruits_unripe,2,,981,2.625
2016.0,Andhra Pradesh,Fruits_unripe,6,4.0,981,2.625
2017.0,Andhra Pradesh,Fruits_unripe,344,338.0,981,2.625
2018.0,Andhra Pradesh,Fruits_unripe,509,165.0,981,2.625
2019.0,Andhra Pradesh,Fruits_unripe,89,-420.0,981,2.625
2020.0,Andhra Pradesh,Fruits_unripe,1,-88.0,981,2.625
2021.0,Andhra Pradesh,Fruits_unripe,1,0.0,981,2.625
2022.0,Andhra Pradesh,Fruits_unripe,6,5.0,981,2.625
2023.0,Andhra Pradesh,Fruits_unripe,23,17.0,981,2.625
2015.0,Andhra Pradesh,Leaves_fresh,2,,989,2.875
2016.0,Andhra Pradesh,Leaves_fresh,6,4.0,989,2.875
2017.0,Andhra Pradesh,Leaves_fresh,345,339.0,989,2.875
2018.0,Andhra Pradesh,Leaves_fresh,510,165.0,989,2.875
2019.0,Andhra Pradesh,Leaves_fresh,89,-421.0,989,2.875
2020.0,Andhra Pradesh,Leaves_fresh,1,-88.0,989,2.875
2021.0,Andhra Pradesh,Leaves_fresh,1,0.0,989,2.875
2022.0,Andhra Pradesh,Leaves_fresh,10,9.0,989,2.875
2023.0,Andhra Pradesh,Leaves_fresh,25,15.0,989,2.875
2015.0,Andhra Pradesh,Leaves_mature,2,,990,2.875
2016.0,Andhra Pradesh,Leaves_mature,6,4.0,990,2.875
2017.0,Andhra Pradesh,Leaves_mature,347,341.0,990,2.875
2018.0,Andhra Pradesh,Leaves_mature,510,163.0,990,2.875
2019.0,Andhra Pradesh,Leaves_mature,88,-422.0,990,2.875
2020.0,Andhra Pradesh,Leaves_mature,1,-87.0,990,2.875
2021.0,Andhra Pradesh,Leaves_mature,1,0.0,990,2.875
2022.0,Andhra Pradesh,Leaves_mature,10,9.0,990,2.875
2023.0,Andhra Pradesh,Leaves_mature,25,15.0,990,2.875
2015.0,Andhra Pradesh,Leaves_old,0,,323,3.125
2016.0,Andhra Pradesh,Leaves_old,0,0.0,323,3.125
2017.0,Andhra Pradesh,Leaves_old,0,0.0,323,3.125
2018.0,Andhra Pradesh,Leaves_old,201,201.0,323,3.125
2019.0,Andhra Pradesh,Leaves_old,85,-116.0,323,3.125
2020.0,Andhra Pradesh,Leaves_old,1,-84.0,323,3.125
2021.0,Andhra Pradesh,Leaves_old,1,0.0,323,3.125
2022.0,Andhra Pradesh,Leaves_old,10,9.0,323,3.125
2023.0,Andhra Pradesh,Leaves_old,25,15.0,323,3.125
2015.0,Delhi,Flowers_Female,0,,11,1.1428571428571428
2016.0,Delhi,Flowers_Female,0,0.0,11,1.1428571428571428
2018.0,Delhi,Flowers_Female,0,0.0,11,1.1428571428571428
2019.0,Delhi,Flowers_Female,0,0.0,11,1.1428571428571428
2020.0,Delhi,Flowers_Female,0,0.0,11,1.1428571428571428
2021.0,Delhi,Flowers_Female,3,3.0,11,1.1428571428571428
2022.0,Delhi,Flowers_Female,0,-3.0,11,1.1428571428571428
2023.0,Delhi,Flowers_Female,8,8.0,11,1.1428571428571428
2015.0,Delhi,Flowers_bud,32,,144,0.2857142857142857
2016.0,Delhi,Flowers_bud,42,10.0,144,0.2857142857142857
2018.0,Delhi,Flowers_bud,2,-40.0,144,0.2857142857142857
2019.0,Delhi,Flowers_bud,4,2.0,144,0.2857142857142857
2020.0,Delhi,Flowers_bud,6,2.0,144,0.2857142857142857
2021.0,Delhi,Flowers_bud,5,-1.0,144,0.2857142857142857
2022.0,Delhi,Flowers_bud,19,14.0,144,0.2857142857142857
2023.0,Delhi,Flowers_bud,34,15.0,144,0.2857142857142857
2015.0,Delhi,Flowers_male,0,,11,1.1428571428571428
2016.0,Delhi,Flowers_male,0,0.0,11,1.1428571428571428
2018.0,Delhi,Flowers_male,0,0.0,11,1.1428571428571428
2019.0,Delhi,Flowers_male,0,0.0,11,1.1428571428571428
2020.0,Delhi,Flowers_male,0,0.0,11,1.1428571428571428
2021.0,Delhi,Flowers_male,3,3.0,11,1.1428571428571428
2022.0,Delhi,Flowers_male,0,-3.0,11,1.1428571428571428
2023.0,Delhi,Flowers_male,8,8.0,11,1.1428571428571428
2015.0,Delhi,Flowers_open,32,,145,0.5714285714285714
2016.0,Delhi,Flowers_open,42,10.0,145,0.5714285714285714
2018.0,Delhi,Flowers_open,2,-40.0,145,0.5714285714285714
2019.0,Delhi,Flowers_open,4,2.0,145,0.5714285714285714
2020.0,Delhi,Flowers_open,6,2.0,145,0.5714285714285714
2021.0,Delhi,Flowers_open,4,-2.0,145,0.5714285714285714
2022.0,Delhi,Flowers_open,19,15.0,145,0.5714285714285714
2023.0,Delhi,Flowers_open,36,17.0,145,0.5714285714285714
2015.0,Delhi,Fruits_open,0,,25,1.8571428571428572
2016.0,Delhi,Fruits_open,0,0.0,25,1.8571428571428572
2018.0,Delhi,Fruits_open,0,0.0,25,1.8571428571428572
2019.0,Delhi,Fruits_open,2,2.0,25,1.8571428571428572
2020.0,Delhi,Fruits_open,4,2.0,25,1.8571428571428572
2021.0,Delhi,Fruits_open,4,0.0,25,1.8571428571428572
2022.0,Delhi,Fruits_open,2,-2.0,25,1.8571428571428572
2023.0,Delhi,Fruits_open,13,11.0,25,1.8571428571428572
2015.0,Delhi,Fruits_ripe,32,,158,2.2857142857142856
2016.0,Delhi,Fruits_ripe,42,10.0,158,2.2857142857142856
2018.0,Delhi,Fruits_ripe,3,-39.0,158,2.2857142857142856
2019.0,Delhi,Fruits_ripe,4,1.0,158,2.2857142857142856
2020.0,Delhi,Fruits_ripe,5,1.0,158,2.2857142857142856
2021.0,Delhi,Fruits_ripe,5,0.0,158,2.2857142857142856
2022.0,Delhi,Fruits_ripe,19,14.0,158,2.2857142857142856
2023.0,Delhi,Fruits_ripe,48,29.0,158,2.2857142857142856
2015.0,Delhi,Fruits_unripe,32,,160,2.2857142857142856
2016.0,Delhi,Fruits_unripe,42,10.0,160,2.2857142857142856
2018.0,Delhi,Fruits_unripe,4,-38.0,160,2.2857142857142856
2019.0,Delhi,Fruits_unripe,4,0.0,160,2.2857142857142856
2020.0,Delhi,Fruits_unripe,6,2.0,160,2.2857142857142856
2021.0,Delhi,Fruits_unripe,5,-1.0,160,2.2857142857142856
2022.0,Delhi,Fruits_unripe,19,14.0,160,2.2857142857142856
2023.0,Delhi,Fruits_unripe,48,29.0,160,2.2857142857142856
2015.0,Delhi,Leaves_fresh,32,,160,2.142857142857143
2016.0,Delhi,Leaves_fresh,42,10.0,160,2.142857142857143
2018.0,Delhi,Leaves_fresh,4,-38.0,160,2.142857142857143
2019.0,Delhi,Leaves_fresh,6,2.0,160,2.142857142857143
2020.0,Delhi,Leaves_fresh,6,0.0,160,2.142857142857143
2021.0,Delhi,Leaves_fresh,4,-2.0,160,2.142857142857143
2022.0,Delhi,Leaves_fresh,19,15.0,160,2.142857142857143
2023.0,Delhi,Leaves_fresh,47,28.0,160,2.142857142857143
2015.0,Delhi,Leaves_mature,32,,161,2.142857142857143
2016.0,Delhi,Leaves_mature,42,10.0,161,2.142857142857143
2018.0,Delhi,Leaves_mature,4,-38.0,161,2.142857142857143
2019.0,Delhi,Leaves_mature,6,2.0,161,2.142857142857143
2020.0,Delhi,Leaves_mature,6,0.0,161,2.142857142857143
2021.0,Delhi,Leaves_mature,5,-1.0,161,2.142857142857143
2022.0,Delhi,Leaves_mature,19,14.0,161,2.142857142857143
2023.0,Delhi,Leaves_mature,47,28.0,161,2.142857142857143
2015.0,Delhi,Leaves_old,0,,81,6.857142857142857
2016.0,Delhi,Leaves_old,0,0.0,81,6.857142857142857
2018.0,Delhi,Leaves_old,0,0.0,81,6.857142857142857
2019.0,Delhi,Leaves_old,5,5.0,81,6.857142857142857
2020.0,Delhi,Leaves_old,5,0.0,81,6.857142857142857
2021.0,Delhi,Leaves_old,4,-1.0,81,6.857142857142857
2022.0,Delhi,Leaves_old,19,15.0,81,6.857142857142857
2023.0,Delhi,Leaves_old,48,29.0,81,6.857142857142857
2015.0,Haryana,Flowers_Female,0,,8,0.42857142857142855
2016.0,Haryana,Flowers_Female,0,0.0,8,0.42857142857142855
2018.0,Haryana,Flowers_Female,0,0.0,8,0.42857142857142855
2019.0,Haryana,Flowers_Female,0,0.0,8,0.42857142857142855
2020.0,Haryana,Flowers_Female,1,1.0,8,0.42857142857142855
2021.0,Haryana,Flowers_Female,2,1.0,8,0.42857142857142855
2022.0,Haryana,Flowers_Female,2,0.0,8,0.42857142857142855
2023.0,Haryana,Flowers_Female,3,1.0,8,0.42857142857142855
2015.0,Haryana,Flowers_bud,23,,60,-2.4285714285714284
2016.0,Haryana,Flowers_bud,19,-4.0,60,-2.4285714285714284
2018.0,Haryana,Flowers_bud,2,-17.0,60,-2.4285714285714284
2019.0,Haryana,Flowers_bud,0,-2.0,60,-2.4285714285714284
2020.0,Haryana,Flowers_bud,5,5.0,60,-2.4285714285714284
2021.0,Haryana,Flowers_bud,3,-2.0,60,-2.4285714285714284
2022.0,Haryana,Flowers_bud,2,-1.0,60,-2.4285714285714284
2023.0,Haryana,Flowers_bud,6,4.0,60,-2.4285714285714284
2015.0,Haryana,Flowers_male,0,,8,0.42857142857142855
2016.0,Haryana,Flowers_male,0,0.0,8,0.42857142857142855
2018.0,Haryana,Flowers_male,0,0.0,8,0.42857142857142855
2019.0,Haryana,Flowers_male,0,0.0,8,0.42857142857142855
2020.0,Haryana,Flowers_male,1,1.0,8,0.42857142857142855
2021.0,Haryana,Flowers_male,2,1.0,8,0.42857142857142855
2022.0,Haryana,Flowers_male,2,0.0,8,0.42857142857142855
2023.0,Haryana,Flowers_male,3,1.0,8,0.42857142857142855
2015.0,Haryana,Flowers_open,23,,64,-2.4285714285714284
2016.0,Haryana,Flowers_open,18,-5.0,64,-2.4285714285714284
2018.0,Haryana,Flowers_open,7,-11.0,64,-2.4285714285714284
2019.0,Haryana,Flowers_open,0,-7.0,64,-2.4285714285714284
2020.0,Haryana,Flowers_open,5,5.0,64,-2.4285714285714284
2021.0,Haryana,Flowers_open,3,-2.0,64,-2.4285714285714284
2022.0,Haryana,Flowers_open,2,-1.0,64,-2.4285714285714284
2023.0,Haryana,Flowers_open,6,4.0,64,-2.4285714285714284
2015.0,Haryana,Fruits_open,0,,9,0.42857142857142855
2016.0,Haryana,Fruits_open,0,0.0,9,0.42857142857142855
2018.0,Haryana,Fruits_open,1,1.0,9,0.42857142857142855
2019.0,Haryana,Fruits_open,0,-1.0,9,0.42857142857142855
2020.0,Haryana,Fruits_open,1,1.0,9,0.42857142857142855
2021.0,Haryana,Fruits_open,2,1.0,9,0.42857142857142855
2022.0,Haryana,Fruits_open,2,0.0,9,0.42857142857142855
2023.0,Haryana,Fruits_open,3,1.0,9,0.42857142857142855
2015.0,Haryana,Fruits_ripe,23,,66,-2.4285714285714284
2016.0,Haryana,Fruits_ripe,19,-4.0,66,-2.4285714285714284
2018.0,Haryana,Fruits_ripe,7,-12.0,66,-2.4285714285714284
2019.0,Haryana,Fruits_ripe,1,-6.0,66,-2.4285714285714284
2020.0,Haryana,Fruits_ripe,5,4.0,66,-2.4285714285714284
2021.0,Haryana,Fruits_ripe,3,-2.0,66,-2.4285714285714284
2022.0,Haryana,Fruits_ripe,2,-1.0,66,-2.4285714285714284
2023.0,Haryana,Fruits_ripe,6,4.0,66,-2.4285714285714284
2015.0,Haryana,Fruits_unripe,23,,63,-2.4285714285714284
2016.0,Haryana,Fruits_unripe,19,-4.0,63,-2.4285714285714284
2018.0,Haryana,Fruits_unripe,5,-14.0,63,-2.4285714285714284
2019.0,Haryana,Fruits_unripe,1,-4.0,63,-2.4285714285714284
2020.0,Haryana,Fruits_unripe,5,4.0,63,-2.4285714285714284
2021.0,Haryana,Fruits_unripe,2,-3.0,63,-2.4285714285714284
2022.0,Haryana,Fruits_unripe,2,0.0,63,-2.4285714285714284
2023.0,Haryana,Fruits_unripe,6,4.0,63,-2.4285714285714284
2015.0,Haryana,Leaves_fresh,23,,69,-2.4285714285714284
2016.0,Haryana,Leaves_fresh,19,-4.0,69,-2.4285714285714284
2018.0,Haryana,Leaves_fresh,9,-10.0,69,-2.4285714285714284
2019.0,Haryana,Leaves_fresh,1,-8.0,69,-2.4285714285714284
2020.0,Haryana,Leaves_fresh,5,4.0,69,-2.4285714285714284
2021.0,Haryana,Leaves_fresh,4,-1.0,69,-2.4285714285714284
2022.0,Haryana,Leaves_fresh,2,-2.0,69,-2.4285714285714284
2023.0,Haryana,Leaves_fresh,6,4.0,69,-2.4285714285714284
2015.0,Haryana,Leaves_mature,23,,69,-2.4285714285714284
2016.0,Haryana,Leaves_mature,19,-4.0,69,-2.4285714285714284
2018.0,Haryana,Leaves_mature,9,-10.0,69,-2.4285714285714284
2019.0,Haryana,Leaves_mature,1,-8.0,69,-2.4285714285714284
2020.0,Haryana,Leaves_mature,5,4.0,69,-2.4285714285714284
2021.0,Haryana,Leaves_mature,4,-1.0,69,-2.4285714285714284
2022.0,Haryana,Leaves_mature,2,-2.0,69,-2.4285714285714284
2023.0,Haryana,Leaves_mature,6,4.0,69,-2.4285714285714284
2015.0,Haryana,Leaves_old,0,,27,0.8571428571428571
2016.0,Haryana,Leaves_old,0,0.0,27,0.8571428571428571
2018.0,Haryana,Leaves_old,9,9.0,27,0.8571428571428571
2019.0,Haryana,Leaves_old,1,-8.0,27,0.8571428571428571
2020.0,Haryana,Leaves_old,5,4.0,27,0.8571428571428571
2021.0,Haryana,Leaves_old,4,-1.0,27,0.8571428571428571
2022.0,Haryana,Leaves_old,2,-2.0,27,0.8571428571428571
2023.0,Haryana,Leaves_old,6,4.0,27,0.8571428571428571
2015.0,Himachal Pradesh,Flowers_Female,0,,5,0.2857142857142857
2016.0,Himachal Pradesh,Flowers_Female,0,0.0,5,0.2857142857142857
2017.0,Himachal Pradesh,Flowers_Female,0,0.0,5,0.2857142857142857
2018.0,Himachal Pradesh,Flowers_Female,0,0.0,5,0.2857142857142857
2019.0,Himachal Pradesh,Flowers_Female,0,0.0,5,0.2857142857142857
2021.0,Himachal Pradesh,Flowers_Female,2,2.0,5,0.2857142857142857
2022.0,Himachal Pradesh,Flowers_Female,1,-1.0,5,0.2857142857142857
2023.0,Himachal Pradesh,Flowers_Female,2,1.0,5,0.2857142857142857
2015.0,Himachal Pradesh,Flowers_bud,1,,79,0.0
2016.0,Himachal Pradesh,Flowers_bud,38,37.0,79,0.0
2017.0,Himachal Pradesh,Flowers_bud,16,-22.0,79,0.0
2018.0,Himachal Pradesh,Flowers_bud,15,-1.0,79,0.0
2019.0,Himachal Pradesh,Flowers_bud,4,-11.0,79,0.0
2021.0,Himachal Pradesh,Flowers_bud,3,-1.0,79,0.0
2022.0,Himachal Pradesh,Flowers_bud,1,-2.0,79,0.0
2023.0,Himachal Pradesh,Flowers_bud,1,0.0,79,0.0
2015.0,Himachal Pradesh,Flowers_male,0,,5,0.2857142857142857
2016.0,Himachal Pradesh,Flowers_male,0,0.0,5,0.2857142857142857
2017.0,Himachal Pradesh,Flowers_male,0,0.0,5,0.2857142857142857
2018.0,Himachal Pradesh,Flowers_male,0,0.0,5,0.2857142857142857
2019.0,Himachal Pradesh,Flowers_male,0,0.0,5,0.2857142857142857
2021.0,Himachal Pradesh,Flowers_male,2,2.0,5,0.2857142857142857
2022.0,Himachal Pradesh,Flowers_male,1,-1.0,5,0.2857142857142857
2023.0,Himachal Pradesh,Flowers_male,2,1.0,5,0.2857142857142857
2015.0,Himachal Pradesh,Flowers_open,1,,79,-0.14285714285714285
2016.0,Himachal Pradesh,Flowers_open,39,38.0,79,-0.14285714285714285
2017.0,Himachal Pradesh,Flowers_open,16,-23.0,79,-0.14285714285714285
2018.0,Himachal Pradesh,Flowers_open,15,-1.0,79,-0.14285714285714285
2019.0,Himachal Pradesh,Flowers_open,4,-11.0,79,-0.14285714285714285
2021.0,Himachal Pradesh,Flowers_open,3,-1.0,79,-0.14285714285714285
2022.0,Himachal Pradesh,Flowers_open,1,-2.0,79,-0.14285714285714285
2023.0,Himachal Pradesh,Flowers_open,0,-1.0,79,-0.14285714285714285
2015.0,Himachal Pradesh,Fruits_open,0,,4,0.14285714285714285
2016.0,Himachal Pradesh,Fruits_open,0,0.0,4,0.14285714285714285
2017.0,Himachal Pradesh,Fruits_open,0,0.0,4,0.14285714285714285
2018.0,Himachal Pradesh,Fruits_open,0,0.0,4,0.14285714285714285
2019.0,Himachal Pradesh,Fruits_open,0,0.0,4,0.14285714285714285
2021.0,Himachal Pradesh,Fruits_open,2,2.0,4,0.14285714285714285
2022.0,Himachal Pradesh,Fruits_open,1,-1.0,4,0.14285714285714285
2023.0,Himachal Pradesh,Fruits_open,1,0.0,4,0.14285714285714285
2015.0,Himachal Pradesh,Fruits_ripe,1,,117,2.0
2016.0,Himachal Pradesh,Fruits_ripe,40,39.0,117,2.0
2017.0,Himachal Pradesh,Fruits_ripe,15,-25.0,117,2.0
2018.0,Himachal Pradesh,Fruits_ripe,15,0.0,117,2.0
2019.0,Himachal Pradesh,Fruits_ripe,14,-1.0,117,2.0
2021.0,Himachal Pradesh,Fruits_ripe,4,-10.0,117,2.0
2022.0,Himachal Pradesh,Fruits_ripe,13,9.0,117,2.0
2023.0,Himachal Pradesh,Fruits_ripe,15,2.0,117,2.0
2015.0,Himachal Pradesh,Fruits_unripe,1,,120,2.0
2016.0,Himachal Pradesh,Fruits_unripe,40,39.0,120,2.0
2017.0,Himachal Pradesh,Fruits_unripe,18,-22.0,120,2.0
2018.0,Himachal Pradesh,Fruits_unripe,15,-3.0,120,2.0
2019.0,Himachal Pradesh,Fruits_unripe,14,-1.0,120,2.0
2021.0,Himachal Pradesh,Fruits_unripe,4,-10.0,120,2.0
2022.0,Himachal Pradesh,Fruits_unripe,13,9.0,120,2.0
2023.0,Himachal Pradesh,Fruits_unripe,15,2.0,120,2.0
2015.0,Himachal Pradesh,Leaves_fresh,1,,119,2.0
2016.0,Himachal Pradesh,Leaves_fresh,40,39.0,119,2.0
2017.0,Himachal Pradesh,Leaves_fresh,18,-22.0,119,2.0
2018.0,Himachal Pradesh,Leaves_fresh,15,-3.0,119,2.0
2019.0,Himachal Pradesh,Leaves_fresh,14,-1.0,119,2.0
2021.0,Himachal Pradesh,Leaves_fresh,3,-11.0,119,2.0
2022.0,Himachal Pradesh,Leaves_fresh,13,10.0,119,2.0
2023.0,Himachal Pradesh,Leaves_fresh,15,2.0,119,2.0
2015.0,Himachal Pradesh,Leaves_mature,1,,117,2.0
2016.0,Himachal Pradesh,Leaves_mature,39,38.0,117,2.0
2017.0,Himachal Pradesh,Leaves_mature,16,-23.0,117,2.0
2018.0,Himachal Pradesh,Leaves_mature,15,-1.0,117,2.0
2019.0,Himachal Pradesh,Leaves_mature,14,-1.0,117,2.0
2021.0,Himachal Pradesh,Leaves_mature,4,-10.0,117,2.0
2022.0,Himachal Pradesh,Leaves_mature,13,9.0,117,2.0
2023.0,Himachal Pradesh,Leaves_mature,15,2.0,117,2.0
2015.0,Himachal Pradesh,Leaves_old,0,,43,2.142857142857143
2016.0,Himachal Pradesh,Leaves_old,0,0.0,43,2.142857142857143
2017.0,Himachal Pradesh,Leaves_old,0,0.0,43,2.142857142857143
2018.0,Himachal Pradesh,Leaves_old,0,0.0,43,2.142857142857143
2019.0,Himachal Pradesh,Leaves_old,11,11.0,43,2.142857142857143
2021.0,Himachal Pradesh,Leaves_old,4,-7.0,43,2.142857142857143
2022.0,Himachal Pradesh,Leaves_old,13,9.0,43,2.142857142857143
2023.0,Himachal Pradesh,Leaves_old,15,2.0,43,2.142857142857143
2015.0,Karnataka,Flowers_Female,0,,346,24.375
2016.0,Karnataka,Flowers_Female,0,0.0,346,24.375
2017.0,Karnataka,Flowers_Female,0,0.0,346,24.375
2018.0,Karnataka,Flowers_Female,7,7.0,346,24.375
2019.0,Karnataka,Flowers_Female,19,12.0,346,24.375
2020.0,Karnataka,Flowers_Female,21,2.0,346,24.375
2021.0,Karnataka,Flowers_Female,49,28.0,346,24.375
2022.0,Karnataka,Flowers_Female,55,6.0,346,24.375
2023.0,Karnataka,Flowers_Female,195,140.0,346,24.375
2015.0,Karnataka,Flowers_bud,92,,2542,108.125
2016.0,Karnataka,Flowers_bud,172,80.0,2542,108.125
2017.0,Karnataka,Flowers_bud,132,-40.0,2542,108.125
2018.0,Karnataka,Flowers_bud,549,417.0,2542,108.125
2019.0,Karnataka,Flowers_bud,294,-255.0,2542,108.125
2020.0,Karnataka,Flowers_bud,80,-214.0,2542,108.125
2021.0,Karnataka,Flowers_bud,107,27.0,2542,108.125
2022.0,Karnataka,Flowers_bud,159,52.0,2542,108.125
2023.0,Karnataka,Flowers_bud,957,798.0,2542,108.125
2015.0,Karnataka,Flowers_male,0,,345,24.375
2016.0,Karnataka,Flowers_male,0,0.0,345,24.375
2017.0,Karnataka,Flowers_male,0,0.0,345,24.375
2018.0,Karnataka,Flowers_male,6,6.0,345,24.375
2019.0,Karnataka,Flowers_male,19,13.0,345,24.375
2020.0,Karnataka,Flowers_male,21,2.0,345,24.375
2021.0,Karnataka,Flowers_male,49,28.0,345,24.375
2022.0,Karnataka,Flowers_male,55,6.0,345,24.375
2023.0,Karnataka,Flowers_male,195,140.0,345,24.375
2015.0,Karnataka,Flowers_open,92,,2506,104.625
2016.0,Karnataka,Flowers_open,176,84.0,2506,104.625
2017.0,Karnataka,Flowers_open,132,-44.0,2506,104.625
2018.0,Karnataka,Flowers_open,551,419.0,2506,104.625
2019.0,Karnataka,Flowers_open,295,-256.0,2506,104.625
2020.0,Karnataka,Flowers_open,81,-214.0,2506,104.625
2021.0,Karnataka,Flowers_open,100,19.0,2506,104.625
2022.0,Karnataka,Flowers_open,150,50.0,2506,104.625
2023.0,Karnataka,Flowers_open,929,779.0,2506,104.625
2015.0,Karnataka,Fruits_open,0,,826,76.5
2016.0,Karnataka,Fruits_open,0,0.0,826,76.5
2017.0,Karnataka,Fruits_open,0,0.0,826,76.5
2018.0,Karnataka,Fruits_open,61,61.0,826,76.5
2019.0,Karnataka,Fruits_open,19,-42.0,826,76.5
2020.0,Karnataka,Fruits_open,21,2.0,826,76.5
2021.0,Karnataka,Fruits_open,51,30.0,826,76.5
2022.0,Karnataka,Fruits_open,62,11.0,826,76.5
2023.0,Karnataka,Fruits_open,612,550.0,826,76.5
2015.0,Karnataka,Fruits_ripe,92,,2743,115.5
2016.0,Karnataka,Fruits_ripe,186,94.0,2743,115.5
2017.0,Karnataka,Fruits_ripe,151,-35.0,2743,115.5
2018.0,Karnataka,Fruits_ripe,598,447.0,2743,115.5
2019.0,Karnataka,Fruits_ripe,313,-285.0,2743,115.5
2020.0,Karnataka,Fruits_ripe,81,-232.0,2743,115.5
2021.0,Karnataka,Fruits_ripe,119,38.0,2743,115.5
2022.0,Karnataka,Fruits_ripe,187,68.0,2743,115.5
2023.0,Karnataka,Fruits_ripe,1016,829.0,2743,115.5
2015.0,Karnataka,Fruits_unripe,92,,2725,115.375
2016.0,Karnataka,Fruits_unripe,186,94.0,2725,115.375
2017.0,Karnataka,Fruits_unripe,152,-34.0,2725,115.375
2018.0,Karnataka,Fruits_unripe,583,431.0,2725,115.375
2019.0,Karnataka,Fruits_unripe,311,-272.0,2725,115.375
2020.0,Karnataka,Fruits_unripe,79,-232.0,2725,115.375
2021.0,Karnataka,Fruits_unripe,119,40.0,2725,115.375
2022.0,Karnataka,Fruits_unripe,188,69.0,2725,115.375
2023.0,Karnataka,Fruits_unripe,1015,827.0,2725,115.375
2015.0,Karnataka,Leaves_fresh,92,,2835,116.625
2016.0,Karnataka,Leaves_fresh,187,95.0,2835,116.625
2017.0,Karnataka,Leaves_fresh,152,-35.0,2835,116.625
2018.0,Karnataka,Leaves_fresh,663,511.0,2835,116.625
2019.0,Karnataka,Leaves_fresh,324,-339.0,2835,116.625
2020.0,Karnataka,Leaves_fresh,82,-242.0,2835,116.625
2021.0,Karnataka,Leaves_fresh,119,37.0,2835,116.625
2022.0,Karnataka,Leaves_fresh,191,72.0,2835,116.625
2023.0,Karnataka,Leaves_fresh,1025,834.0,2835,116.625
2015.0,Karnataka,Leaves_mature,91,,2844,116.75
2016.0,Karnataka,Leaves_mature,188,97.0,2844,116.75
2017.0,Karnataka,Leaves_mature,152,-36.0,2844,116.75
2018.0,Karnataka,Leaves_mature,669,517.0,2844,116.75
2019.0,Karnataka,Leaves_mature,327,-342.0,2844,116.75
2020.0,Karnataka,Leaves_mature,82,-245.0,2844,116.75
2021.0,Karnataka,Leaves_mature,119,37.0,2844,116.75
2022.0,Karnataka,Leaves_mature,191,72.0,2844,116.75
2023.0,Karnataka,Leaves_mature,1025,834.0,2844,116.75
2015.0,Karnataka,Leaves_old,0,,2102,127.75
2016.0,Karnataka,Leaves_old,0,0.0,2102,127.75
2017.0,Karnataka,Leaves_old,0,0.0,2102,127.75
2018.0,Karnataka,Leaves_old,407,407.0,2102,127.75
2019.0,Karnataka,Leaves_old,294,-113.0,2102,127.75
2020.0,Karnataka,Leaves_old,70,-224.0,2102,127.75
2021.0,Karnataka,Leaves_old,119,49.0,2102,127.75
2022.0,Karnataka,Leaves_old,190,71.0,2102,127.75
2023.0,Karnataka,Leaves_old,1022,832.0,2102,127.75
2015.0,Kerala,Flowers_Female,0,,35011,956.5
2016.0,Kerala,Flowers_Female,0,0.0,35011,956.5
2017.0,Kerala,Flowers_Female,1,1.0,35011,956.5
2018.0,Kerala,Flowers_Female,1875,1874.0,35011,956.5
2019.0,Kerala,Flowers_Female,2690,815.0,35011,956.5
2020.0,Kerala,Flowers_Female,5747,3057.0,35011,956.5
2021.0,Kerala,Flowers_Female,7711,1964.0,35011,956.5
2022.0,Kerala,Flowers_Female,9335,1624.0,35011,956.5
2023.0,Kerala,Flowers_Female,7652,-1683.0,35011,956.5
2015.0,Kerala,Flowers_bud,11812,,156234,586.125
2016.0,Kerala,Flowers_bud,12901,1089.0,156234,586.125
2017.0,Kerala,Flowers_bud,13149,248.0,156234,586.125
2018.0,Kerala,Flowers_bud,29257,16108.0,156234,586.125
2019.0,Kerala,Flowers_bud,24448,-4809.0,156234,586.125
2020.0,Kerala,Flowers_bud,16182,-8266.0,156234,586.125
2021.0,Kerala,Flowers_bud,13572,-2610.0,156234,586.125
2022.0,Kerala,Flowers_bud,18412,4840.0,156234,586.125
2023.0,Kerala,Flowers_bud,16501,-1911.0,156234,586.125
2015.0,Kerala,Flowers_male,0,,34826,952.5
2016.0,Kerala,Flowers_male,0,0.0,34826,952.5
2017.0,Kerala,Flowers_male,1,1.0,34826,952.5
2018.0,Kerala,Flowers_male,1849,1848.0,34826,952.5
2019.0,Kerala,Flowers_male,2665,816.0,34826,952.5
2020.0,Kerala,Flowers_male,5728,3063.0,34826,952.5
2021.0,Kerala,Flowers_male,7692,1964.0,34826,952.5
2022.0,Kerala,Flowers_male,9271,1579.0,34826,952.5
2023.0,Kerala,Flowers_male,7620,-1651.0,34826,952.5
2015.0,Kerala,Flowers_open,11784,,146710,340.0
2016.0,Kerala,Flowers_open,12903,1119.0,146710,340.0
2017.0,Kerala,Flowers_open,13155,252.0,146710,340.0
2018.0,Kerala,Flowers_open,27613,14458.0,146710,340.0
2019.0,Kerala,Flowers_open,23269,-4344.0,146710,340.0
2020.0,Kerala,Flowers_open,14531,-8738.0,146710,340.0
2021.0,Kerala,Flowers_open,12420,-2111.0,146710,340.0
2022.0,Kerala,Flowers_open,16531,4111.0,146710,340.0
2023.0,Kerala,Flowers_open,14504,-2027.0,146710,340.0
2015.0,Kerala,Fruits_open,1,,32074,965.125
2016.0,Kerala,Fruits_open,11,10.0,32074,965.125
2017.0,Kerala,Fruits_open,1,-10.0,32074,965.125
2018.0,Kerala,Fruits_open,1038,1037.0,32074,965.125
2019.0,Kerala,Fruits_open,2150,1112.0,32074,965.125
2020.0,Kerala,Fruits_open,5102,2952.0,32074,965.125
2021.0,Kerala,Fruits_open,7332,2230.0,32074,965.125
2022.0,Kerala,Fruits_open,8717,1385.0,32074,965.125
2023.0,Kerala,Fruits_open,7722,-995.0,32074,965.125
2015.0,Kerala,Fruits_ripe,11783,,158332,660.75
2016.0,Kerala,Fruits_ripe,12920,1137.0,158332,660.75
2017.0,Kerala,Fruits_ripe,13134,214.0,158332,660.75
2018.0,Kerala,Fruits_ripe,29425,16291.0,158332,660.75
2019.0,Kerala,Fruits_ripe,24729,-4696.0,158332,660.75
2020.0,Kerala,Fruits_ripe,16480,-8249.0,158332,660.75
2021.0,Kerala,Fruits_ripe,13819,-2661.0,158332,660.75
2022.0,Kerala,Fruits_ripe,18973,5154.0,158332,660.75
2023.0,Kerala,Fruits_ripe,17069,-1904.0,158332,660.75
2015.0,Kerala,Fruits_unripe,11731,,158272,664.875
2016.0,Kerala,Fruits_unripe,12939,1208.0,158272,664.875
2017.0,Kerala,Fruits_unripe,13145,206.0,158272,664.875
2018.0,Kerala,Fruits_unripe,29370,16225.0,158272,664.875
2019.0,Kerala,Fruits_unripe,24749,-4621.0,158272,664.875
2020.0,Kerala,Fruits_unripe,16491,-8258.0,158272,664.875
2021.0,Kerala,Fruits_unripe,13824,-2667.0,158272,664.875
2022.0,Kerala,Fruits_unripe,18973,5149.0,158272,664.875
2023.0,Kerala,Fruits_unripe,17050,-1923.0,158272,664.875
2015.0,Kerala,Leaves_fresh,11853,,161259,680.5
2016.0,Kerala,Leaves_fresh,12959,1106.0,161259,680.5
2017.0,Kerala,Leaves_fresh,13195,236.0,161259,680.5
2018.0,Kerala,Leaves_fresh,30732,17537.0,161259,680.5
2019.0,Kerala,Leaves_fresh,25368,-5364.0,161259,680.5
2020.0,Kerala,Leaves_fresh,16638,-8730.0,161259,680.5
2021.0,Kerala,Leaves_fresh,13941,-2697.0,161259,680.5
2022.0,Kerala,Leaves_fresh,19276,5335.0,161259,680.5
2023.0,Kerala,Leaves_fresh,17297,-1979.0,161259,680.5
2015.0,Kerala,Leaves_mature,11828,,161200,685.375
2016.0,Kerala,Leaves_mature,12945,1117.0,161200,685.375
2017.0,Kerala,Leaves_mature,13179,234.0,161200,685.375
2018.0,Kerala,Leaves_mature,30648,17469.0,161200,685.375
2019.0,Kerala,Leaves_mature,25386,-5262.0,161200,685.375
2020.0,Kerala,Leaves_mature,16647,-8739.0,161200,685.375
2021.0,Kerala,Leaves_mature,13946,-2701.0,161200,685.375
2022.0,Kerala,Leaves_mature,19310,5364.0,161200,685.375
2023.0,Kerala,Leaves_mature,17311,-1999.0,161200,685.375
2015.0,Kerala,Leaves_old,1,,97704,2156.5
2016.0,Kerala,Leaves_old,12,11.0,97704,2156.5
2017.0,Kerala,Leaves_old,12,0.0,97704,2156.5
2018.0,Kerala,Leaves_old,14069,14057.0,97704,2156.5
2019.0,Kerala,Leaves_old,17868,3799.0,97704,2156.5
2020.0,Kerala,Leaves_old,15453,-2415.0,97704,2156.5
2021.0,Kerala,Leaves_old,13920,-1533.0,97704,2156.5
2022.0,Kerala,Leaves_old,19116,5196.0,97704,2156.5
2023.0,Kerala,Leaves_old,17253,-1863.0,97704,2156.5
2015.0,Lakshadweep,Flowers_Female,0,,0,0.0
2018.0,Lakshadweep,Flowers_Female,0,0.0,0,0.0
2015.0,Lakshadweep,Flowers_bud,3,,4,-2.0
2018.0,Lakshadweep,Flowers_bud,1,-2.0,4,-2.0
2015.0,Lakshadweep,Flowers_male,0,,0,0.0
2018.0,Lakshadweep,Flowers_male,0,0.0,0,0.0
2015.0,Lakshadweep,Flowers_open,3,,4,-2.0
2018.0,Lakshadweep,Flowers_open,1,-2.0,4,-2.0
2015.0,Lakshadweep,Fruits_open,0,,0,0.0
2018.0,Lakshadweep,Fruits_open,0,0.0,0,0.0
2015.0,Lakshadweep,Fruits_ripe,3,,4,-2.0
2018.0,Lakshadweep,Fruits_ripe,1,-2.0,4,-2.0
2015.0,Lakshadweep,Fruits_unripe,3,,4,-2.0
2018.0,Lakshadweep,Fruits_unripe,1,-2.0,4,-2.0
2015.0,Lakshadweep,Leaves_fresh,3,,4,-2.0
2018.0,Lakshadweep,Leaves_fresh,1,-2.0,4,-2.0
2015.0,Lakshadweep,Leaves_mature,3,,4,-2.0
2018.0,Lakshadweep,Leaves_mature,1,-2.0,4,-2.0
2015.0,Lakshadweep,Leaves_old,0,,1,1.0
2018.0,Lakshadweep,Leaves_old,1,1.0,1,1.0
2015.0,Puducherry,Flowers_Female,0,,51,0.0
2016.0,Puducherry,Flowers_Female,0,0.0,51,0.0
2017.0,Puducherry,Flowers_Female,0,0.0,51,0.0
2018.0,Puducherry,Flowers_Female,0,0.0,51,0.0
2019.0,Puducherry,Flowers_Female,0,0.0,51,0.0
2020.0,Puducherry,Flowers_Female,0,0.0,51,0.0
2021.0,Puducherry,Flowers_Female,0,0.0,51,0.0
2022.0,Puducherry,Flowers_Female,51,51.0,51,0.0
2023.0,Puducherry,Flowers_Female,0,-51.0,51,0.0
2015.0,Puducherry,Flowers_bud,11,,253,7.625
2016.0,Puducherry,Flowers_bud,1,-10.0,253,7.625
2017.0,Puducherry,Flowers_bud,6,5.0,253,7.625
2018.0,Puducherry,Flowers_bud,9,3.0,253,7.625
2019.0,Puducherry,Flowers_bud,11,2.0,253,7.625
2020.0,Puducherry,Flowers_bud,13,2.0,253,7.625
2021.0,Puducherry,Flowers_bud,7,-6.0,253,7.625
2022.0,Puducherry,Flowers_bud,123,116.0,253,7.625
2023.0,Puducherry,Flowers_bud,72,-51.0,253,7.625
2015.0,Puducherry,Flowers_male,0,,51,0.0
2016.0,Puducherry,Flowers_male,0,0.0,51,0.0
2017.0,Puducherry,Flowers_male,0,0.0,51,0.0
2018.0,Puducherry,Flowers_male,0,0.0,51,0.0
2019.0,Puducherry,Flowers_male,0,0.0,51,0.0
2020.0,Puducherry,Flowers_male,0,0.0,51,0.0
2021.0,Puducherry,Flowers_male,0,0.0,51,0.0
2022.0,Puducherry,Flowers_male,51,51.0,51,0.0
2023.0,Puducherry,Flowers_male,0,-51.0,51,0.0
2015.0,Puducherry,Flowers_open,11,,253,7.5
2016.0,Puducherry,Flowers_open,1,-10.0,253,7.5
2017.0,Puducherry,Flowers_open,7,6.0,253,7.5
2018.0,Puducherry,Flowers_open,9,2.0,253,7.5
2019.0,Puducherry,Flowers_open,10,1.0,253,7.5
2020.0,Puducherry,Flowers_open,13,3.0,253,7.5
2021.0,Puducherry,Flowers_open,8,-5.0,253,7.5
2022.0,Puducherry,Flowers_open,123,115.0,253,7.5
2023.0,Puducherry,Flowers_open,71,-52.0,253,7.5
2015.0,Puducherry,Fruits_open,0,,68,1.375
2016.0,Puducherry,Fruits_open,0,0.0,68,1.375
2017.0,Puducherry,Fruits_open,0,0.0,68,1.375
2018.0,Puducherry,Fruits_open,0,0.0,68,1.375
2019.0,Puducherry,Fruits_open,3,3.0,68,1.375
2020.0,Puducherry,Fruits_open,1,-2.0,68,1.375
2021.0,Puducherry,Fruits_open,0,-1.0,68,1.375
2022.0,Puducherry,Fruits_open,53,53.0,68,1.375
2023.0,Puducherry,Fruits_open,11,-42.0,68,1.375
2015.0,Puducherry,Fruits_ripe,11,,287,10.625
2016.0,Puducherry,Fruits_ripe,1,-10.0,287,10.625
2017.0,Puducherry,Fruits_ripe,7,6.0,287,10.625
2018.0,Puducherry,Fruits_ripe,9,2.0,287,10.625
2019.0,Puducherry,Fruits_ripe,12,3.0,287,10.625
2020.0,Puducherry,Fruits_ripe,14,2.0,287,10.625
2021.0,Puducherry,Fruits_ripe,8,-6.0,287,10.625
2022.0,Puducherry,Fruits_ripe,129,121.0,287,10.625
2023.0,Puducherry,Fruits_ripe,96,-33.0,287,10.625
2015.0,Puducherry,Fruits_unripe,11,,284,10.625
2016.0,Puducherry,Fruits_unripe,1,-10.0,284,10.625
2017.0,Puducherry,Fruits_unripe,7,6.0,284,10.625
2018.0,Puducherry,Fruits_unripe,9,2.0,284,10.625
2019.0,Puducherry,Fruits_unripe,9,0.0,284,10.625
2020.0,Puducherry,Fruits_unripe,14,5.0,284,10.625
2021.0,Puducherry,Fruits_unripe,8,-6.0,284,10.625
2022.0,Puducherry,Fruits_unripe,129,121.0,284,10.625
2023.0,Puducherry,Fruits_unripe,96,-33.0,284,10.625
2015.0,Puducherry,Leaves_fresh,11,,288,10.625
2016.0,Puducherry,Leaves_fresh,1,-10.0,288,10.625
2017.0,Puducherry,Leaves_fresh,7,6.0,288,10.625
2018.0,Puducherry,Leaves_fresh,9,2.0,288,10.625
2019.0,Puducherry,Leaves_fresh,13,4.0,288,10.625
2020.0,Puducherry,Leaves_fresh,14,1.0,288,10.625
2021.0,Puducherry,Leaves_fresh,8,-6.0,288,10.625
2022.0,Puducherry,Leaves_fresh,129,121.0,288,10.625
2023.0,Puducherry,Leaves_fresh,96,-33.0,288,10.625
2015.0,Puducherry,Leaves_mature,11,,288,10.625
2016.0,Puducherry,Leaves_mature,1,-10.0,288,10.625
2017.0,Puducherry,Leaves_mature,7,6.0,288,10.625
2018.0,Puducherry,Leaves_mature,9,2.0,288,10.625
2019.0,Puducherry,Leaves_mature,13,4.0,288,10.625
2020.0,Puducherry,Leaves_mature,14,1.0,288,10.625
2021.0,Puducherry,Leaves_mature,8,-6.0,288,10.625
2022.0,Puducherry,Leaves_mature,129,121.0,288,10.625
2023.0,Puducherry,Leaves_mature,96,-33.0,288,10.625
2015.0,Puducherry,Leaves_old,0,,258,11.875
2016.0,Puducherry,Leaves_old,0,0.0,258,11.875
2017.0,Puducherry,Leaves_old,0,0.0,258,11.875
2018.0,Puducherry,Leaves_old,0,0.0,258,11.875
2019.0,Puducherry,Leaves_old,13,13.0,258,11.875
2020.0,Puducherry,Leaves_old,13,0.0,258,11.875
2021.0,Puducherry,Leaves_old,8,-5.0,258,11.875
2022.0,Puducherry,Leaves_old,129,121.0,258,11.875
2023.0,Puducherry,Leaves_old,95,-34.0,258,11.875
2015.0,Punjab,Flowers_Female,0,,7,0.0
2016.0,Punjab,Flowers_Female,0,0.0,7,0.0
2017.0,Punjab,Flowers_Female,0,0.0,7,0.0
2018.0,Punjab,Flowers_Female,0,0.0,7,0.0
2019.0,Punjab,Flowers_Female,0,0.0,7,0.0
2021.0,Punjab,Flowers_Female,0,0.0,7,0.0
2022.0,Punjab,Flowers_Female,7,7.0,7,0.0
2023.0,Punjab,Flowers_Female,0,-7.0,7,0.0
2015.0,Punjab,Flowers_bud,2,,65,-0.14285714285714285
2016.0,Punjab,Flowers_bud,27,25.0,65,-0.14285714285714285
2017.0,Punjab,Flowers_bud,19,-8.0,65,-0.14285714285714285
2018.0,Punjab,Flowers_bud,1,-18.0,65,-0.14285714285714285
2019.0,Punjab,Flowers_bud,2,1.0,65,-0.14285714285714285
2021.0,Punjab,Flowers_bud,1,-1.0,65,-0.14285714285714285
2022.0,Punjab,Flowers_bud,12,11.0,65,-0.14285714285714285
2023.0,Punjab,Flowers_bud,1,-11.0,65,-0.14285714285714285
2015.0,Punjab,Flowers_male,0,,7,0.0
2016.0,Punjab,Flowers_male,0,0.0,7,0.0
2017.0,Punjab,Flowers_male,0,0.0,7,0.0
2018.0,Punjab,Flowers_male,0,0.0,7,0.0
2019.0,Punjab,Flowers_male,0,0.0,7,0.0
2021.0,Punjab,Flowers_male,0,0.0,7,0.0
2022.0,Punjab,Flowers_male,7,7.0,7,0.0
2023.0,Punjab,Flowers_male,0,-7.0,7,0.0
2015.0,Punjab,Flowers_open,2,,65,-0.14285714285714285
2016.0,Punjab,Flowers_open,28,26.0,65,-0.14285714285714285
2017.0,Punjab,Flowers_open,19,-9.0,65,-0.14285714285714285
2018.0,Punjab,Flowers_open,1,-18.0,65,-0.14285714285714285
2019.0,Punjab,Flowers_open,2,1.0,65,-0.14285714285714285
2021.0,Punjab,Flowers_open,1,-1.0,65,-0.14285714285714285
2022.0,Punjab,Flowers_open,11,10.0,65,-0.14285714285714285
2023.0,Punjab,Flowers_open,1,-10.0,65,-0.14285714285714285
2015.0,Punjab,Fruits_open,0,,7,0.0
2016.0,Punjab,Fruits_open,0,0.0,7,0.0
2017.0,Punjab,Fruits_open,0,0.0,7,0.0
2018.0,Punjab,Fruits_open,0,0.0,7,0.0
2019.0,Punjab,Fruits_open,0,0.0,7,0.0
2021.0,Punjab,Fruits_open,0,0.0,7,0.0
2022.0,Punjab,Fruits_open,7,7.0,7,0.0
2023.0,Punjab,Fruits_open,0,-7.0,7,0.0
2015.0,Punjab,Fruits_ripe,2,,65,-0.14285714285714285
2016.0,Punjab,Fruits_ripe,27,25.0,65,-0.14285714285714285
2017.0,Punjab,Fruits_ripe,19,-8.0,65,-0.14285714285714285
2018.0,Punjab,Fruits_ripe,1,-18.0,65,-0.14285714285714285
2019.0,Punjab,Fruits_ripe,2,1.0,65,-0.14285714285714285
2021.0,Punjab,Fruits_ripe,1,-1.0,65,-0.14285714285714285
2022.0,Punjab,Fruits_ripe,12,11.0,65,-0.14285714285714285
2023.0,Punjab,Fruits_ripe,1,-11.0,65,-0.14285714285714285
2015.0,Punjab,Fruits_unripe,2,,65,-0.14285714285714285
2016.0,Punjab,Fruits_unripe,28,26.0,65,-0.14285714285714285
2017.0,Punjab,Fruits_unripe,19,-9.0,65,-0.14285714285714285
2018.0,Punjab,Fruits_unripe,1,-18.0,65,-0.14285714285714285
2019.0,Punjab,Fruits_unripe,2,1.0,65,-0.14285714285714285
2021.0,Punjab,Fruits_unripe,1,-1.0,65,-0.14285714285714285
2022.0,Punjab,Fruits_unripe,11,10.0,65,-0.14285714285714285
2023.0,Punjab,Fruits_unripe,1,-10.0,65,-0.14285714285714285
2015.0,Punjab,Leaves_fresh,2,,66,-0.14285714285714285
2016.0,Punjab,Leaves_fresh,28,26.0,66,-0.14285714285714285
2017.0,Punjab,Leaves_fresh,19,-9.0,66,-0.14285714285714285
2018.0,Punjab,Leaves_fresh,1,-18.0,66,-0.14285714285714285
2019.0,Punjab,Leaves_fresh,2,1.0,66,-0.14285714285714285
2021.0,Punjab,Leaves_fresh,1,-1.0,66,-0.14285714285714285
2022.0,Punjab,Leaves_fresh,12,11.0,66,-0.14285714285714285
2023.0,Punjab,Leaves_fresh,1,-11.0,66,-0.14285714285714285
2015.0,Punjab,Leaves_mature,2,,64,-0.14285714285714285
2016.0,Punjab,Leaves_mature,27,25.0,64,-0.14285714285714285
2017.0,Punjab,Leaves_mature,19,-8.0,64,-0.14285714285714285
2018.0,Punjab,Leaves_mature,1,-18.0,64,-0.14285714285714285
2019.0,Punjab,Leaves_mature,2,1.0,64,-0.14285714285714285
2021.0,Punjab,Leaves_mature,1,-1.0,64,-0.14285714285714285
2022.0,Punjab,Leaves_mature,11,10.0,64,-0.14285714285714285
2023.0,Punjab,Leaves_mature,1,-10.0,64,-0.14285714285714285
2015.0,Punjab,Leaves_old,0,,16,0.14285714285714285
2016.0,Punjab,Leaves_old,0,0.0,16,0.14285714285714285
2017.0,Punjab,Leaves_old,0,0.0,16,0.14285714285714285
2018.0,Punjab,Leaves_old,1,1.0,16,0.14285714285714285
2019.0,Punjab,Leaves_old,2,1.0,16,0.14285714285714285
2021.0,Punjab,Leaves_old,1,-1.0,16,0.14285714285714285
2022.0,Punjab,Leaves_old,11,10.0,16,0.14285714285714285
2023.0,Punjab,Leaves_old,1,-10.0,16,0.14285714285714285
2015.0,Tamil Nadu,Flowers_Female,0,,275,15.5
2016.0,Tamil Nadu,Flowers_Female,0,0.0,275,15.5
2017.0,Tamil Nadu,Flowers_Female,0,0.0,275,15.5
2018.0,Tamil Nadu,Flowers_Female,10,10.0,275,15.5
2019.0,Tamil Nadu,Flowers_Female,14,4.0,275,15.5
2020.0,Tamil Nadu,Flowers_Female,7,-7.0,275,15.5
2021.0,Tamil Nadu,Flowers_Female,64,57.0,275,15.5
2022.0,Tamil Nadu,Flowers_Female,56,-8.0,275,15.5
2023.0,Tamil Nadu,Flowers_Female,124,68.0,275,15.5
2015.0,Tamil Nadu,Flowers_bud,7,,2687,131.25
2016.0,Tamil Nadu,Flowers_bud,173,166.0,2687,131.25
2017.0,Tamil Nadu,Flowers_bud,218,45.0,2687,131.25
2018.0,Tamil Nadu,Flowers_bud,427,209.0,2687,131.25
2019.0,Tamil Nadu,Flowers_bud,364,-63.0,2687,131.25
2020.0,Tamil Nadu,Flowers_bud,120,-244.0,2687,131.25
2021.0,Tamil Nadu,Flowers_bud,103,-17.0,2687,131.25
2022.0,Tamil Nadu,Flowers_bud,218,115.0,2687,131.25
2023.0,Tamil Nadu,Flowers_bud,1057,839.0,2687,131.25
2015.0,Tamil Nadu,Flowers_male,0,,276,15.625
2016.0,Tamil Nadu,Flowers_male,0,0.0,276,15.625
2017.0,Tamil Nadu,Flowers_male,0,0.0,276,15.625
2018.0,Tamil Nadu,Flowers_male,10,10.0,276,15.625
2019.0,Tamil Nadu,Flowers_male,14,4.0,276,15.625
2020.0,Tamil Nadu,Flowers_male,7,-7.0,276,15.625
2021.0,Tamil Nadu,Flowers_male,64,57.0,276,15.625
2022.0,Tamil Nadu,Flowers_male,56,-8.0,276,15.625
2023.0,Tamil Nadu,Flowers_male,125,69.0,276,15.625
2015.0,Tamil Nadu,Flowers_open,7,,2664,128.75
2016.0,Tamil Nadu,Flowers_open,175,168.0,2664,128.75
2017.0,Tamil Nadu,Flowers_open,217,42.0,2664,128.75
2018.0,Tamil Nadu,Flowers_open,430,213.0,2664,128.75
2019.0,Tamil Nadu,Flowers_open,359,-71.0,2664,128.75
2020.0,Tamil Nadu,Flowers_open,119,-240.0,2664,128.75
2021.0,Tamil Nadu,Flowers_open,103,-16.0,2664,128.75
2022.0,Tamil Nadu,Flowers_open,217,114.0,2664,128.75
2023.0,Tamil Nadu,Flowers_open,1037,820.0,2664,128.75
2015.0,Tamil Nadu,Fruits_open,0,,402,20.625
2016.0,Tamil Nadu,Fruits_open,0,0.0,402,20.625
2017.0,Tamil Nadu,Fruits_open,0,0.0,402,20.625
2018.0,Tamil Nadu,Fruits_open,18,18.0,402,20.625
2019.0,Tamil Nadu,Fruits_open,59,41.0,402,20.625
2020.0,Tamil Nadu,Fruits_open,22,-37.0,402,20.625
2021.0,Tamil Nadu,Fruits_open,69,47.0,402,20.625
2022.0,Tamil Nadu,Fruits_open,69,0.0,402,20.625
2023.0,Tamil Nadu,Fruits_open,165,96.0,402,20.625
2015.0,Tamil Nadu,Fruits_ripe,7,,2761,133.125
2016.0,Tamil Nadu,Fruits_ripe,175,168.0,2761,133.125
2017.0,Tamil Nadu,Fruits_ripe,220,45.0,2761,133.125
2018.0,Tamil Nadu,Fruits_ripe,448,228.0,2761,133.125
2019.0,Tamil Nadu,Fruits_ripe,380,-68.0,2761,133.125
2020.0,Tamil Nadu,Fruits_ripe,128,-252.0,2761,133.125
2021.0,Tamil Nadu,Fruits_ripe,107,-21.0,2761,133.125
2022.0,Tamil Nadu,Fruits_ripe,224,117.0,2761,133.125
2023.0,Tamil Nadu,Fruits_ripe,1072,848.0,2761,133.125
2015.0,Tamil Nadu,Fruits_unripe,7,,2756,134.0
2016.0,Tamil Nadu,Fruits_unripe,175,168.0,2756,134.0
2017.0,Tamil Nadu,Fruits_unripe,219,44.0,2756,134.0
2018.0,Tamil Nadu,Fruits_unripe,439,220.0,2756,134.0
2019.0,Tamil Nadu,Fruits_unripe,378,-61.0,2756,134.0
2020.0,Tamil Nadu,Fruits_unripe,128,-250.0,2756,134.0
2021.0,Tamil Nadu,Fruits_unripe,106,-22.0,2756,134.0
2022.0,Tamil Nadu,Fruits_unripe,225,119.0,2756,134.0
2023.0,Tamil Nadu,Fruits_unripe,1079,854.0,2756,134.0
2015.0,Tamil Nadu,Leaves_fresh,7,,2950,153.75
2016.0,Tamil Nadu,Leaves_fresh,175,168.0,2950,153.75
2017.0,Tamil Nadu,Leaves_fresh,220,45.0,2950,153.75
2018.0,Tamil Nadu,Leaves_fresh,453,233.0,2950,153.75
2019.0,Tamil Nadu,Leaves_fresh,383,-70.0,2950,153.75
2020.0,Tamil Nadu,Leaves_fresh,129,-254.0,2950,153.75
2021.0,Tamil Nadu,Leaves_fresh,108,-21.0,2950,153.75
2022.0,Tamil Nadu,Leaves_fresh,238,130.0,2950,153.75
2023.0,Tamil Nadu,Leaves_fresh,1237,999.0,2950,153.75
2015.0,Tamil Nadu,Leaves_mature,7,,2961,154.375
2016.0,Tamil Nadu,Leaves_mature,175,168.0,2961,154.375
2017.0,Tamil Nadu,Leaves_mature,221,46.0,2961,154.375
2018.0,Tamil Nadu,Leaves_mature,455,234.0,2961,154.375
2019.0,Tamil Nadu,Leaves_mature,386,-69.0,2961,154.375
2020.0,Tamil Nadu,Leaves_mature,129,-257.0,2961,154.375
2021.0,Tamil Nadu,Leaves_mature,108,-21.0,2961,154.375
2022.0,Tamil Nadu,Leaves_mature,238,130.0,2961,154.375
2023.0,Tamil Nadu,Leaves_mature,1242,1004.0,2961,154.375
2015.0,Tamil Nadu,Leaves_old,0,,2221,152.5
2016.0,Tamil Nadu,Leaves_old,0,0.0,2221,152.5
2017.0,Tamil Nadu,Leaves_old,0,0.0,2221,152.5
2018.0,Tamil Nadu,Leaves_old,180,180.0,2221,152.5
2019.0,Tamil Nadu,Leaves_old,365,185.0,2221,152.5
2020.0,Tamil Nadu,Leaves_old,112,-253.0,2221,152.5
2021.0,Tamil Nadu,Leaves_old,108,-4.0,2221,152.5
2022.0,Tamil Nadu,Leaves_old,236,128.0,2221,152.5
2023.0,Tamil Nadu,Leaves_old,1220,984.0,2221,152.5
2015.0,Uttar Pradesh,Flowers_Female,0,,90,11.833333333333334
2018.0,Uttar Pradesh,Flowers_Female,0,0.0,90,11.833333333333334
2019.0,Uttar Pradesh,Flowers_Female,0,0.0,90,11.833333333333334
2020.0,Uttar Pradesh,Flowers_Female,0,0.0,90,11.833333333333334
2021.0,Uttar Pradesh,Flowers_Female,2,2.0,90,11.833333333333334
2022.0,Uttar Pradesh,Flowers_Female,17,15.0,90,11.833333333333334
2023.0,Uttar Pradesh,Flowers_Female,71,54.0,90,11.833333333333334
2015.0,Uttar Pradesh,Flowers_bud,1,,193,22.833333333333332
2018.0,Uttar Pradesh,Flowers_bud,13,12.0,193,22.833333333333332
2019.0,Uttar Pradesh,Flowers_bud,10,-3.0,193,22.833333333333332
2020.0,Uttar Pradesh,Flowers_bud,3,-7.0,193,22.833333333333332
2021.0,Uttar Pradesh,Flowers_bud,5,2.0,193,22.833333333333332
2022.0,Uttar Pradesh,Flowers_bud,23,18.0,193,22.833333333333332
2023.0,Uttar Pradesh,Flowers_bud,138,115.0,193,22.833333333333332
2015.0,Uttar Pradesh,Flowers_male,0,,90,11.833333333333334
2018.0,Uttar Pradesh,Flowers_male,0,0.0,90,11.833333333333334
2019.0,Uttar Pradesh,Flowers_male,0,0.0,90,11.833333333333334
2020.0,Uttar Pradesh,Flowers_male,0,0.0,90,11.833333333333334
2021.0,Uttar Pradesh,Flowers_male,2,2.0,90,11.833333333333334
2022.0,Uttar Pradesh,Flowers_male,17,15.0,90,11.833333333333334
2023.0,Uttar Pradesh,Flowers_male,71,54.0,90,11.833333333333334
2015.0,Uttar Pradesh,Flowers_open,1,,192,22.666666666666668
2018.0,Uttar Pradesh,Flowers_open,13,12.0,192,22.666666666666668
2019.0,Uttar Pradesh,Flowers_open,10,-3.0,192,22.666666666666668
2020.0,Uttar Pradesh,Flowers_open,3,-7.0,192,22.666666666666668
2021.0,Uttar Pradesh,Flowers_open,5,2.0,192,22.666666666666668
2022.0,Uttar Pradesh,Flowers_open,23,18.0,192,22.666666666666668
2023.0,Uttar Pradesh,Flowers_open,137,114.0,192,22.666666666666668
2015.0,Uttar Pradesh,Fruits_open,0,,107,14.0
2018.0,Uttar Pradesh,Fruits_open,0,0.0,107,14.0
2019.0,Uttar Pradesh,Fruits_open,3,3.0,107,14.0
2020.0,Uttar Pradesh,Fruits_open,1,-2.0,107,14.0
2021.0,Uttar Pradesh,Fruits_open,2,1.0,107,14.0
2022.0,Uttar Pradesh,Fruits_open,17,15.0,107,14.0
2023.0,Uttar Pradesh,Fruits_open,84,67.0,107,14.0
2015.0,Uttar Pradesh,Fruits_ripe,1,,193,22.833333333333332
2018.0,Uttar Pradesh,Fruits_ripe,13,12.0,193,22.833333333333332
2019.0,Uttar Pradesh,Fruits_ripe,10,-3.0,193,22.833333333333332
2020.0,Uttar Pradesh,Fruits_ripe,3,-7.0,193,22.833333333333332
2021.0,Uttar Pradesh,Fruits_ripe,5,2.0,193,22.833333333333332
2022.0,Uttar Pradesh,Fruits_ripe,23,18.0,193,22.833333333333332
2023.0,Uttar Pradesh,Fruits_ripe,138,115.0,193,22.833333333333332
2015.0,Uttar Pradesh,Fruits_unripe,1,,192,22.833333333333332
2018.0,Uttar Pradesh,Fruits_unripe,13,12.0,192,22.833333333333332
2019.0,Uttar Pradesh,Fruits_unripe,9,-4.0,192,22.833333333333332
2020.0,Uttar Pradesh,Fruits_unripe,3,-6.0,192,22.833333333333332
2021.0,Uttar Pradesh,Fruits_unripe,5,2.0,192,22.833333333333332
2022.0,Uttar Pradesh,Fruits_unripe,23,18.0,192,22.833333333333332
2023.0,Uttar Pradesh,Fruits_unripe,138,115.0,192,22.833333333333332
2015.0,Uttar Pradesh,Leaves_fresh,1,,195,23.166666666666668
2018.0,Uttar Pradesh,Leaves_fresh,13,12.0,195,23.166666666666668
2019.0,Uttar Pradesh,Leaves_fresh,10,-3.0,195,23.166666666666668
2020.0,Uttar Pradesh,Leaves_fresh,3,-7.0,195,23.166666666666668
2021.0,Uttar Pradesh,Leaves_fresh,5,2.0,195,23.166666666666668
2022.0,Uttar Pradesh,Leaves_fresh,23,18.0,195,23.166666666666668
2023.0,Uttar Pradesh,Leaves_fresh,140,117.0,195,23.166666666666668
2015.0,Uttar Pradesh,Leaves_mature,1,,195,23.166666666666668
2018.0,Uttar Pradesh,Leaves_mature,13,12.0,195,23.166666666666668
2019.0,Uttar Pradesh,Leaves_mature,10,-3.0,195,23.166666666666668
2020.0,Uttar Pradesh,Leaves_mature,3,-7.0,195,23.166666666666668
2021.0,Uttar Pradesh,Leaves_mature,5,2.0,195,23.166666666666668
2022.0,Uttar Pradesh,Leaves_mature,23,18.0,195,23.166666666666668
2023.0,Uttar Pradesh,Leaves_mature,140,117.0,195,23.166666666666668
2015.0,Uttar Pradesh,Leaves_old,0,,179,23.166666666666668
2018.0,Uttar Pradesh,Leaves_old,0,0.0,179,23.166666666666668
2019.0,Uttar Pradesh,Leaves_old,9,9.0,179,23.166666666666668
2020.0,Uttar Pradesh,Leaves_old,3,-6.0,179,23.166666666666668
2021.0,Uttar Pradesh,Leaves_old,5,2.0,179,23.166666666666668
2022.0,Uttar Pradesh,Leaves_old,23,18.0,179,23.166666666666668
2023.0,Uttar Pradesh,Leaves_old,139,116.0,179,23.166666666666668
2015.0,Uttarakhand,Flowers_Female,0,,38,3.142857142857143
2016.0,Uttarakhand,Flowers_Female,0,0.0,38,3.142857142857143
2018.0,Uttarakhand,Flowers_Female,10,10.0,38,3.142857142857143
2019.0,Uttarakhand,Flowers_Female,0,-10.0,38,3.142857142857143
2020.0,Uttarakhand,Flowers_Female,0,0.0,38,3.142857142857143
2021.0,Uttarakhand,Flowers_Female,0,0.0,38,3.142857142857143
2022.0,Uttarakhand,Flowers_Female,6,6.0,38,3.142857142857143
2023.0,Uttarakhand,Flowers_Female,22,16.0,38,3.142857142857143
2015.0,Uttarakhand,Flowers_bud,3,,414,4.714285714285714
2016.0,Uttarakhand,Flowers_bud,5,2.0,414,4.714285714285714
2018.0,Uttarakhand,Flowers_bud,298,293.0,414,4.714285714285714
2019.0,Uttarakhand,Flowers_bud,58,-240.0,414,4.714285714285714
2020.0,Uttarakhand,Flowers_bud,2,-56.0,414,4.714285714285714
2021.0,Uttarakhand,Flowers_bud,3,1.0,414,4.714285714285714
2022.0,Uttarakhand,Flowers_bud,9,6.0,414,4.714285714285714
2023.0,Uttarakhand,Flowers_bud,36,27.0,414,4.714285714285714
2015.0,Uttarakhand,Flowers_male,0,,39,3.142857142857143
2016.0,Uttarakhand,Flowers_male,0,0.0,39,3.142857142857143
2018.0,Uttarakhand,Flowers_male,10,10.0,39,3.142857142857143
2019.0,Uttarakhand,Flowers_male,1,-9.0,39,3.142857142857143
2020.0,Uttarakhand,Flowers_male,0,-1.0,39,3.142857142857143
2021.0,Uttarakhand,Flowers_male,0,0.0,39,3.142857142857143
2022.0,Uttarakhand,Flowers_male,6,6.0,39,3.142857142857143
2023.0,Uttarakhand,Flowers_male,22,16.0,39,3.142857142857143
2015.0,Uttarakhand,Flowers_open,3,,407,4.714285714285714
2016.0,Uttarakhand,Flowers_open,5,2.0,407,4.714285714285714
2018.0,Uttarakhand,Flowers_open,291,286.0,407,4.714285714285714
2019.0,Uttarakhand,Flowers_open,58,-233.0,407,4.714285714285714
2020.0,Uttarakhand,Flowers_open,2,-56.0,407,4.714285714285714
2021.0,Uttarakhand,Flowers_open,3,1.0,407,4.714285714285714
2022.0,Uttarakhand,Flowers_open,9,6.0,407,4.714285714285714
2023.0,Uttarakhand,Flowers_open,36,27.0,407,4.714285714285714
2015.0,Uttarakhand,Fruits_open,0,,59,4.571428571428571
2016.0,Uttarakhand,Fruits_open,0,0.0,59,4.571428571428571
2018.0,Uttarakhand,Fruits_open,17,17.0,59,4.571428571428571
2019.0,Uttarakhand,Fruits_open,4,-13.0,59,4.571428571428571
2020.0,Uttarakhand,Fruits_open,0,-4.0,59,4.571428571428571
2021.0,Uttarakhand,Fruits_open,0,0.0,59,4.571428571428571
2022.0,Uttarakhand,Fruits_open,6,6.0,59,4.571428571428571
2023.0,Uttarakhand,Fruits_open,32,26.0,59,4.571428571428571
2015.0,Uttarakhand,Fruits_ripe,3,,471,5.0
2016.0,Uttarakhand,Fruits_ripe,5,2.0,471,5.0
2018.0,Uttarakhand,Fruits_ripe,355,350.0,471,5.0
2019.0,Uttarakhand,Fruits_ripe,58,-297.0,471,5.0
2020.0,Uttarakhand,Fruits_ripe,2,-56.0,471,5.0
2021.0,Uttarakhand,Fruits_ripe,3,1.0,471,5.0
2022.0,Uttarakhand,Fruits_ripe,7,4.0,471,5.0
2023.0,Uttarakhand,Fruits_ripe,38,31.0,471,5.0
2015.0,Uttarakhand,Fruits_unripe,3,,464,5.0
2016.0,Uttarakhand,Fruits_unripe,5,2.0,464,5.0
2018.0,Uttarakhand,Fruits_unripe,347,342.0,464,5.0
2019.0,Uttarakhand,Fruits_unripe,58,-289.0,464,5.0
2020.0,Uttarakhand,Fruits_unripe,2,-56.0,464,5.0
2021.0,Uttarakhand,Fruits_unripe,3,1.0,464,5.0
2022.0,Uttarakhand,Fruits_unripe,8,5.0,464,5.0
2023.0,Uttarakhand,Fruits_unripe,38,30.0,464,5.0
2015.0,Uttarakhand,Leaves_fresh,3,,493,5.0
2016.0,Uttarakhand,Leaves_fresh,5,2.0,493,5.0
2018.0,Uttarakhand,Leaves_fresh,375,370.0,493,5.0
2019.0,Uttarakhand,Leaves_fresh,58,-317.0,493,5.0
2020.0,Uttarakhand,Leaves_fresh,2,-56.0,493,5.0
2021.0,Uttarakhand,Leaves_fresh,3,1.0,493,5.0
2022.0,Uttarakhand,Leaves_fresh,9,6.0,493,5.0
2023.0,Uttarakhand,Leaves_fresh,38,29.0,493,5.0
2015.0,Uttarakhand,Leaves_mature,3,,481,5.0
2016.0,Uttarakhand,Leaves_mature,5,2.0,481,5.0
2018.0,Uttarakhand,Leaves_mature,363,358.0,481,5.0
2019.0,Uttarakhand,Leaves_mature,58,-305.0,481,5.0
2020.0,Uttarakhand,Leaves_mature,2,-56.0,481,5.0
2021.0,Uttarakhand,Leaves_mature,3,1.0,481,5.0
2022.0,Uttarakhand,Leaves_mature,9,6.0,481,5.0
2023.0,Uttarakhand,Leaves_mature,38,29.0,481,5.0
2015.0,Uttarakhand,Leaves_old,0,,412,5.428571428571429
2016.0,Uttarakhand,Leaves_old,0,0.0,412,5.428571428571429
2018.0,Uttarakhand,Leaves_old,332,332.0,412,5.428571428571429
2019.0,Uttarakhand,Leaves_old,30,-302.0,412,5.428571428571429
2020.0,Uttarakhand,Leaves_old,2,-28.0,412,5.428571428571429
2021.0,Uttarakhand,Leaves_old,3,1.0,412,5.428571428571429
2022.0,Uttarakhand,Leaves_old,7,4.0,412,5.428571428571429
2023.0,Uttarakhand,Leaves_old,38,31.0,412,5.428571428571429
2016.0,Chandigarh,Flowers_Female,0,,0,
2016.0,Chandigarh,Flowers_bud,40,,40,
2016.0,Chandigarh,Flowers_male,0,,0,
2016.0,Chandigarh,Flowers_open,40,,40,
2016.0,Chandigarh,Fruits_open,0,,0,
2016.0,Chandigarh,Fruits_ripe,40,,40,
2016.0,Chandigarh,Fruits_unripe,40,,40,
2016.0,Chandigarh,Leaves_fresh,40,,40,
2016.0,Chandigarh,Leaves_mature,40,,40,
2016.0,Chandigarh,Leaves_old,0,,0,
2016.0,Madhya Pradesh,Flowers_Female,0,,1277,78.0
2018.0,Madhya Pradesh,Flowers_Female,26,26.0,1277,78.0
2019.0,Madhya Pradesh,Flowers_Female,72,46.0,1277,78.0
2020.0,Madhya Pradesh,Flowers_Female,137,65.0,1277,78.0
2021.0,Madhya Pradesh,Flowers_Female,195,58.0,1277,78.0
2022.0,Madhya Pradesh,Flowers_Female,379,184.0,1277,78.0
2023.0,Madhya Pradesh,Flowers_Female,468,89.0,1277,78.0
2016.0,Madhya Pradesh,Flowers_bud,5,,2351,120.83333333333333
2018.0,Madhya Pradesh,Flowers_bud,140,135.0,2351,120.83333333333333
2019.0,Madhya Pradesh,Flowers_bud,436,296.0,2351,120.83333333333333
2020.0,Madhya Pradesh,Flowers_bud,192,-244.0,2351,120.83333333333333
2021.0,Madhya Pradesh,Flowers_bud,264,72.0,2351,120.83333333333333
2022.0,Madhya Pradesh,Flowers_bud,584,320.0,2351,120.83333333333333
2023.0,Madhya Pradesh,Flowers_bud,730,146.0,2351,120.83333333333333
2016.0,Madhya Pradesh,Flowers_male,0,,1277,78.0
2018.0,Madhya Pradesh,Flowers_male,26,26.0,1277,78.0
2019.0,Madhya Pradesh,Flowers_male,72,46.0,1277,78.0
2020.0,Madhya Pradesh,Flowers_male,137,65.0,1277,78.0
2021.0,Madhya Pradesh,Flowers_male,195,58.0,1277,78.0
2022.0,Madhya Pradesh,Flowers_male,379,184.0,1277,78.0
2023.0,Madhya Pradesh,Flowers_male,468,89.0,1277,78.0
2016.0,Madhya Pradesh,Flowers_open,5,,2125,109.66666666666667
2018.0,Madhya Pradesh,Flowers_open,126,121.0,2125,109.66666666666667
2019.0,Madhya Pradesh,Flowers_open,382,256.0,2125,109.66666666666667
2020.0,Madhya Pradesh,Flowers_open,177,-205.0,2125,109.66666666666667
2021.0,Madhya Pradesh,Flowers_open,230,53.0,2125,109.66666666666667
2022.0,Madhya Pradesh,Flowers_open,542,312.0,2125,109.66666666666667
2023.0,Madhya Pradesh,Flowers_open,663,121.0,2125,109.66666666666667
2016.0,Madhya Pradesh,Fruits_open,0,,1112,74.5
2018.0,Madhya Pradesh,Fruits_open,6,6.0,1112,74.5
2019.0,Madhya Pradesh,Fruits_open,7,1.0,1112,74.5
2020.0,Madhya Pradesh,Fruits_open,123,116.0,1112,74.5
2021.0,Madhya Pradesh,Fruits_open,170,47.0,1112,74.5
2022.0,Madhya Pradesh,Fruits_open,359,189.0,1112,74.5
2023.0,Madhya Pradesh,Fruits_open,447,88.0,1112,74.5
2016.0,Madhya Pradesh,Fruits_ripe,5,,2430,129.5
2018.0,Madhya Pradesh,Fruits_ripe,154,149.0,2430,129.5
2019.0,Madhya Pradesh,Fruits_ripe,426,272.0,2430,129.5
2020.0,Madhya Pradesh,Fruits_ripe,192,-234.0,2430,129.5
2021.0,Madhya Pradesh,Fruits_ripe,266,74.0,2430,129.5
2022.0,Madhya Pradesh,Fruits_ripe,605,339.0,2430,129.5
2023.0,Madhya Pradesh,Fruits_ripe,782,177.0,2430,129.5
2016.0,Madhya Pradesh,Fruits_unripe,5,,2433,129.5
2018.0,Madhya Pradesh,Fruits_unripe,143,138.0,2433,129.5
2019.0,Madhya Pradesh,Fruits_unripe,436,293.0,2433,129.5
2020.0,Madhya Pradesh,Fruits_unripe,192,-244.0,2433,129.5
2021.0,Madhya Pradesh,Fruits_unripe,268,76.0,2433,129.5
2022.0,Madhya Pradesh,Fruits_unripe,607,339.0,2433,129.5
2023.0,Madhya Pradesh,Fruits_unripe,782,175.0,2433,129.5
2016.0,Madhya Pradesh,Leaves_fresh,5,,2485,130.83333333333334
2018.0,Madhya Pradesh,Leaves_fresh,170,165.0,2485,130.83333333333334
2019.0,Madhya Pradesh,Leaves_fresh,435,265.0,2485,130.83333333333334
2020.0,Madhya Pradesh,Leaves_fresh,198,-237.0,2485,130.83333333333334
2021.0,Madhya Pradesh,Leaves_fresh,269,71.0,2485,130.83333333333334
2022.0,Madhya Pradesh,Leaves_fresh,618,349.0,2485,130.83333333333334
2023.0,Madhya Pradesh,Leaves_fresh,790,172.0,2485,130.83333333333334
2016.0,Madhya Pradesh,Leaves_mature,5,,2506,130.5
2018.0,Madhya Pradesh,Leaves_mature,170,165.0,2506,130.5
2019.0,Madhya Pradesh,Leaves_mature,437,267.0,2506,130.5
2020.0,Madhya Pradesh,Leaves_mature,203,-234.0,2506,130.5
2021.0,Madhya Pradesh,Leaves_mature,280,77.0,2506,130.5
2022.0,Madhya Pradesh,Leaves_mature,623,343.0,2506,130.5
2023.0,Madhya Pradesh,Leaves_mature,788,165.0,2506,130.5
2016.0,Madhya Pradesh,Leaves_old,0,,2189,130.83333333333334
2018.0,Madhya Pradesh,Leaves_old,70,70.0,2189,130.83333333333334
2019.0,Madhya Pradesh,Leaves_old,249,179.0,2189,130.83333333333334
2020.0,Madhya Pradesh,Leaves_old,196,-53.0,2189,130.83333333333334
2021.0,Madhya Pradesh,Leaves_old,273,77.0,2189,130.83333333333334
2022.0,Madhya Pradesh,Leaves_old,616,343.0,2189,130.83333333333334
2023.0,Madhya Pradesh,Leaves_old,785,169.0,2189,130.83333333333334
2016.0,Maharashtra,Flowers_Female,0,,183,14.428571428571429
2017.0,Maharashtra,Flowers_Female,0,0.0,183,14.428571428571429
2018.0,Maharashtra,Flowers_Female,4,4.0,183,14.428571428571429
2019.0,Maharashtra,Flowers_Female,2,-2.0,183,14.428571428571429
2020.0,Maharashtra,Flowers_Female,2,0.0,183,14.428571428571429
2021.0,Maharashtra,Flowers_Female,15,13.0,183,14.428571428571429
2022.0,Maharashtra,Flowers_Female,59,44.0,183,14.428571428571429
2023.0,Maharashtra,Flowers_Female,101,42.0,183,14.428571428571429
2016.0,Maharashtra,Flowers_bud,4,,1400,71.85714285714286
2017.0,Maharashtra,Flowers_bud,3,-1.0,1400,71.85714285714286
2018.0,Maharashtra,Flowers_bud,410,407.0,1400,71.85714285714286
2019.0,Maharashtra,Flowers_bud,108,-302.0,1400,71.85714285714286
2020.0,Maharashtra,Flowers_bud,12,-96.0,1400,71.85714285714286
2021.0,Maharashtra,Flowers_bud,43,31.0,1400,71.85714285714286
2022.0,Maharashtra,Flowers_bud,313,270.0,1400,71.85714285714286
2023.0,Maharashtra,Flowers_bud,507,194.0,1400,71.85714285714286
2016.0,Maharashtra,Flowers_male,0,,184,14.428571428571429
2017.0,Maharashtra,Flowers_male,0,0.0,184,14.428571428571429
2018.0,Maharashtra,Flowers_male,4,4.0,184,14.428571428571429
2019.0,Maharashtra,Flowers_male,3,-1.0,184,14.428571428571429
2020.0,Maharashtra,Flowers_male,2,-1.0,184,14.428571428571429
2021.0,Maharashtra,Flowers_male,15,13.0,184,14.428571428571429
2022.0,Maharashtra,Flowers_male,59,44.0,184,14.428571428571429
2023.0,Maharashtra,Flowers_male,101,42.0,184,14.428571428571429
2016.0,Maharashtra,Flowers_open,4,,1384,70.14285714285714
2017.0,Maharashtra,Flowers_open,3,-1.0,1384,70.14285714285714
2018.0,Maharashtra,Flowers_open,408,405.0,1384,70.14285714285714
2019.0,Maharashtra,Flowers_open,108,-300.0,1384,70.14285714285714
2020.0,Maharashtra,Flowers_open,12,-96.0,1384,70.14285714285714
2021.0,Maharashtra,Flowers_open,42,30.0,1384,70.14285714285714
2022.0,Maharashtra,Flowers_open,312,270.0,1384,70.14285714285714
2023.0,Maharashtra,Flowers_open,495,183.0,1384,70.14285714285714
2016.0,Maharashtra,Fruits_open,0,,693,28.857142857142858
2017.0,Maharashtra,Fruits_open,0,0.0,693,28.857142857142858
2018.0,Maharashtra,Fruits_open,290,290.0,693,28.857142857142858
2019.0,Maharashtra,Fruits_open,29,-261.0,693,28.857142857142858
2020.0,Maharashtra,Fruits_open,4,-25.0,693,28.857142857142858
2021.0,Maharashtra,Fruits_open,25,21.0,693,28.857142857142858
2022.0,Maharashtra,Fruits_open,143,118.0,693,28.857142857142858
2023.0,Maharashtra,Fruits_open,202,59.0,693,28.857142857142858
2016.0,Maharashtra,Fruits_ripe,4,,1606,86.28571428571429
2017.0,Maharashtra,Fruits_ripe,3,-1.0,1606,86.28571428571429
2018.0,Maharashtra,Fruits_ripe,431,428.0,1606,86.28571428571429
2019.0,Maharashtra,Fruits_ripe,123,-308.0,1606,86.28571428571429
2020.0,Maharashtra,Fruits_ripe,14,-109.0,1606,86.28571428571429
2021.0,Maharashtra,Fruits_ripe,47,33.0,1606,86.28571428571429
2022.0,Maharashtra,Fruits_ripe,376,329.0,1606,86.28571428571429
2023.0,Maharashtra,Fruits_ripe,608,232.0,1606,86.28571428571429
2016.0,Maharashtra,Fruits_unripe,4,,1617,86.85714285714286
2017.0,Maharashtra,Fruits_unripe,3,-1.0,1617,86.85714285714286
2018.0,Maharashtra,Fruits_unripe,433,430.0,1617,86.85714285714286
2019.0,Maharashtra,Fruits_unripe,121,-312.0,1617,86.85714285714286
2020.0,Maharashtra,Fruits_unripe,14,-107.0,1617,86.85714285714286
2021.0,Maharashtra,Fruits_unripe,44,30.0,1617,86.85714285714286
2022.0,Maharashtra,Fruits_unripe,386,342.0,1617,86.85714285714286
2023.0,Maharashtra,Fruits_unripe,612,226.0,1617,86.85714285714286
2016.0,Maharashtra,Leaves_fresh,4,,1734,89.14285714285714
2017.0,Maharashtra,Leaves_fresh,3,-1.0,1734,89.14285714285714
2018.0,Maharashtra,Leaves_fresh,503,500.0,1734,89.14285714285714
2019.0,Maharashtra,Leaves_fresh,133,-370.0,1734,89.14285714285714
2020.0,Maharashtra,Leaves_fresh,14,-119.0,1734,89.14285714285714
2021.0,Maharashtra,Leaves_fresh,50,36.0,1734,89.14285714285714
2022.0,Maharashtra,Leaves_fresh,399,349.0,1734,89.14285714285714
2023.0,Maharashtra,Leaves_fresh,628,229.0,1734,89.14285714285714
2016.0,Maharashtra,Leaves_mature,4,,1767,91.0
2017.0,Maharashtra,Leaves_mature,3,-1.0,1767,91.0
2018.0,Maharashtra,Leaves_mature,511,508.0,1767,91.0
2019.0,Maharashtra,Leaves_mature,135,-376.0,1767,91.0
2020.0,Maharashtra,Leaves_mature,14,-121.0,1767,91.0
2021.0,Maharashtra,Leaves_mature,50,36.0,1767,91.0
2022.0,Maharashtra,Leaves_mature,409,359.0,1767,91.0
2023.0,Maharashtra,Leaves_mature,641,232.0,1767,91.0
2016.0,Maharashtra,Leaves_old,0,,1723,90.85714285714286
2017.0,Maharashtra,Leaves_old,0,0.0,1723,90.85714285714286
2018.0,Maharashtra,Leaves_old,498,498.0,1723,90.85714285714286
2019.0,Maharashtra,Leaves_old,128,-370.0,1723,90.85714285714286
2020.0,Maharashtra,Leaves_old,14,-114.0,1723,90.85714285714286
2021.0,Maharashtra,Leaves_old,51,37.0,1723,90.85714285714286
2022.0,Maharashtra,Leaves_old,396,345.0,1723,90.85714285714286
2023.0,Maharashtra,Leaves_old,636,240.0,1723,90.85714285714286
2016.0,Meghalaya,Flowers_Female,0,,10,0.2
2017.0,Meghalaya,Flowers_Female,0,0.0,10,0.2
2018.0,Meghalaya,Flowers_Female,2,2.0,10,0.2
2019.0,Meghalaya,Flowers_Female,4,2.0,10,0.2
2020.0,Meghalaya,Flowers_Female,3,-1.0,10,0.2
2023.0,Meghalaya,Flowers_Female,1,-2.0,10,0.2
2016.0,Meghalaya,Flowers_bud,7,,305,-1.0
2017.0,Meghalaya,Flowers_bud,137,130.0,305,-1.0
2018.0,Meghalaya,Flowers_bud,144,7.0,305,-1.0
2019.0,Meghalaya,Flowers_bud,10,-134.0,305,-1.0
2020.0,Meghalaya,Flowers_bud,5,-5.0,305,-1.0
2023.0,Meghalaya,Flowers_bud,2,-3.0,305,-1.0
2016.0,Meghalaya,Flowers_male,0,,10,0.2
2017.0,Meghalaya,Flowers_male,0,0.0,10,0.2
2018.0,Meghalaya,Flowers_male,2,2.0,10,0.2
2019.0,Meghalaya,Flowers_male,4,2.0,10,0.2
2020.0,Meghalaya,Flowers_male,3,-1.0,10,0.2
2023.0,Meghalaya,Flowers_male,1,-2.0,10,0.2
2016.0,Meghalaya,Flowers_open,7,,302,-1.0
2017.0,Meghalaya,Flowers_open,135,128.0,302,-1.0
2018.0,Meghalaya,Flowers_open,146,11.0,302,-1.0
2019.0,Meghalaya,Flowers_open,8,-138.0,302,-1.0
2020.0,Meghalaya,Flowers_open,4,-4.0,302,-1.0
2023.0,Meghalaya,Flowers_open,2,-2.0,302,-1.0
2016.0,Meghalaya,Fruits_open,0,,1,0.2
2017.0,Meghalaya,Fruits_open,0,0.0,1,0.2
2018.0,Meghalaya,Fruits_open,0,0.0,1,0.2
2019.0,Meghalaya,Fruits_open,0,0.0,1,0.2
2020.0,Meghalaya,Fruits_open,0,0.0,1,0.2
2023.0,Meghalaya,Fruits_open,1,1.0,1,0.2
2016.0,Meghalaya,Fruits_ripe,7,,302,-1.0
2017.0,Meghalaya,Fruits_ripe,132,125.0,302,-1.0
2018.0,Meghalaya,Fruits_ripe,146,14.0,302,-1.0
2019.0,Meghalaya,Fruits_ripe,10,-136.0,302,-1.0
2020.0,Meghalaya,Fruits_ripe,5,-5.0,302,-1.0
2023.0,Meghalaya,Fruits_ripe,2,-3.0,302,-1.0
2016.0,Meghalaya,Fruits_unripe,7,,307,-1.0
2017.0,Meghalaya,Fruits_unripe,138,131.0,307,-1.0
2018.0,Meghalaya,Fruits_unripe,145,7.0,307,-1.0
2019.0,Meghalaya,Fruits_unripe,10,-135.0,307,-1.0
2020.0,Meghalaya,Fruits_unripe,5,-5.0,307,-1.0
2023.0,Meghalaya,Fruits_unripe,2,-3.0,307,-1.0
2016.0,Meghalaya,Leaves_fresh,7,,309,-1.0
2017.0,Meghalaya,Leaves_fresh,138,131.0,309,-1.0
2018.0,Meghalaya,Leaves_fresh,147,9.0,309,-1.0
2019.0,Meghalaya,Leaves_fresh,10,-137.0,309,-1.0
2020.0,Meghalaya,Leaves_fresh,5,-5.0,309,-1.0
2023.0,Meghalaya,Leaves_fresh,2,-3.0,309,-1.0
2016.0,Meghalaya,Leaves_mature,7,,309,-1.0
2017.0,Meghalaya,Leaves_mature,138,131.0,309,-1.0
2018.0,Meghalaya,Leaves_mature,147,9.0,309,-1.0
2019.0,Meghalaya,Leaves_mature,10,-137.0,309,-1.0
2020.0,Meghalaya,Leaves_mature,5,-5.0,309,-1.0
2023.0,Meghalaya,Leaves_mature,2,-3.0,309,-1.0
2016.0,Meghalaya,Leaves_old,0,,40,0.4
2017.0,Meghalaya,Leaves_old,0,0.0,40,0.4
2018.0,Meghalaya,Leaves_old,24,24.0,40,0.4
2019.0,Meghalaya,Leaves_old,9,-15.0,40,0.4
2020.0,Meghalaya,Leaves_old,5,-4.0,40,0.4
2023.0,Meghalaya,Leaves_old,2,-3.0,40,0.4
2016.0,Sikkim,Flowers_Female,0,,3,0.0
2017.0,Sikkim,Flowers_Female,0,0.0,3,0.0
2018.0,Sikkim,Flowers_Female,0,0.0,3,0.0
2019.0,Sikkim,Flowers_Female,0,0.0,3,0.0
2021.0,Sikkim,Flowers_Female,3,3.0,3,0.0
2023.0,Sikkim,Flowers_Female,0,-3.0,3,0.0
2016.0,Sikkim,Flowers_bud,51,,115,-8.4
2017.0,Sikkim,Flowers_bud,42,-9.0,115,-8.4
2018.0,Sikkim,Flowers_bud,3,-39.0,115,-8.4
2019.0,Sikkim,Flowers_bud,7,4.0,115,-8.4
2021.0,Sikkim,Flowers_bud,3,-4.0,115,-8.4
2023.0,Sikkim,Flowers_bud,9,6.0,115,-8.4
2016.0,Sikkim,Flowers_male,0,,3,0.0
2017.0,Sikkim,Flowers_male,0,0.0,3,0.0
2018.0,Sikkim,Flowers_male,0,0.0,3,0.0
2019.0,Sikkim,Flowers_male,0,0.0,3,0.0
2021.0,Sikkim,Flowers_male,3,3.0,3,0.0
2023.0,Sikkim,Flowers_male,0,-3.0,3,0.0
2016.0,Sikkim,Flowers_open,51,,118,-8.4
2017.0,Sikkim,Flowers_open,44,-7.0,118,-8.4
2018.0,Sikkim,Flowers_open,3,-41.0,118,-8.4
2019.0,Sikkim,Flowers_open,8,5.0,118,-8.4
2021.0,Sikkim,Flowers_open,3,-5.0,118,-8.4
2023.0,Sikkim,Flowers_open,9,6.0,118,-8.4
2016.0,Sikkim,Fruits_open,0,,8,1.0
2017.0,Sikkim,Fruits_open,0,0.0,8,1.0
2018.0,Sikkim,Fruits_open,0,0.0,8,1.0
2019.0,Sikkim,Fruits_open,0,0.0,8,1.0
2021.0,Sikkim,Fruits_open,3,3.0,8,1.0
2023.0,Sikkim,Fruits_open,5,2.0,8,1.0
2016.0,Sikkim,Fruits_ripe,51,,116,-8.4
2017.0,Sikkim,Fruits_ripe,44,-7.0,116,-8.4
2018.0,Sikkim,Fruits_ripe,3,-41.0,116,-8.4
2019.0,Sikkim,Fruits_ripe,6,3.0,116,-8.4
2021.0,Sikkim,Fruits_ripe,3,-3.0,116,-8.4
2023.0,Sikkim,Fruits_ripe,9,6.0,116,-8.4
2016.0,Sikkim,Fruits_unripe,51,,115,-8.4
2017.0,Sikkim,Fruits_unripe,43,-8.0,115,-8.4
2018.0,Sikkim,Fruits_unripe,3,-40.0,115,-8.4
2019.0,Sikkim,Fruits_unripe,6,3.0,115,-8.4
2021.0,Sikkim,Fruits_unripe,3,-3.0,115,-8.4
2023.0,Sikkim,Fruits_unripe,9,6.0,115,-8.4
2016.0,Sikkim,Leaves_fresh,52,,119,-8.2
2017.0,Sikkim,Leaves_fresh,44,-8.0,119,-8.2
2018.0,Sikkim,Leaves_fresh,3,-41.0,119,-8.2
2019.0,Sikkim,Leaves_fresh,6,3.0,119,-8.2
2021.0,Sikkim,Leaves_fresh,3,-3.0,119,-8.2
2023.0,Sikkim,Leaves_fresh,11,8.0,119,-8.2
2016.0,Sikkim,Leaves_mature,51,,120,-8.0
2017.0,Sikkim,Leaves_mature,44,-7.0,120,-8.0
2018.0,Sikkim,Leaves_mature,3,-41.0,120,-8.0
2019.0,Sikkim,Leaves_mature,8,5.0,120,-8.0
2021.0,Sikkim,Leaves_mature,3,-5.0,120,-8.0
2023.0,Sikkim,Leaves_mature,11,8.0,120,-8.0
2016.0,Sikkim,Leaves_old,0,,15,2.2
2017.0,Sikkim,Leaves_old,0,0.0,15,2.2
2018.0,Sikkim,Leaves_old,0,0.0,15,2.2
2019.0,Sikkim,Leaves_old,1,1.0,15,2.2
2021.0,Sikkim,Leaves_old,3,2.0,15,2.2
2023.0,Sikkim,Leaves_old,11,8.0,15,2.2
2016.0,Telangana,Flowers_Female,0,,19,1.8333333333333333
2017.0,Telangana,Flowers_Female,0,0.0,19,1.8333333333333333
2018.0,Telangana,Flowers_Female,0,0.0,19,1.8333333333333333
2019.0,Telangana,Flowers_Female,0,0.0,19,1.8333333333333333
2021.0,Telangana,Flowers_Female,2,2.0,19,1.8333333333333333
2022.0,Telangana,Flowers_Female,6,4.0,19,1.8333333333333333
2023.0,Telangana,Flowers_Female,11,5.0,19,1.8333333333333333
2016.0,Telangana,Flowers_bud,5,,264,9.666666666666666
2017.0,Telangana,Flowers_bud,3,-2.0,264,9.666666666666666
2018.0,Telangana,Flowers_bud,38,35.0,264,9.666666666666666
2019.0,Telangana,Flowers_bud,103,65.0,264,9.666666666666666
2021.0,Telangana,Flowers_bud,3,-100.0,264,9.666666666666666
2022.0,Telangana,Flowers_bud,49,46.0,264,9.666666666666666
2023.0,Telangana,Flowers_bud,63,14.0,264,9.666666666666666
2016.0,Telangana,Flowers_male,0,,19,1.8333333333333333
2017.0,Telangana,Flowers_male,0,0.0,19,1.8333333333333333
2018.0,Telangana,Flowers_male,0,0.0,19,1.8333333333333333
2019.0,Telangana,Flowers_male,0,0.0,19,1.8333333333333333
2021.0,Telangana,Flowers_male,2,2.0,19,1.8333333333333333
2022.0,Telangana,Flowers_male,6,4.0,19,1.8333333333333333
2023.0,Telangana,Flowers_male,11,5.0,19,1.8333333333333333
2016.0,Telangana,Flowers_open,5,,265,10.666666666666666
2017.0,Telangana,Flowers_open,3,-2.0,265,10.666666666666666
2018.0,Telangana,Flowers_open,38,35.0,265,10.666666666666666
2019.0,Telangana,Flowers_open,103,65.0,265,10.666666666666666
2021.0,Telangana,Flowers_open,1,-102.0,265,10.666666666666666
2022.0,Telangana,Flowers_open,46,45.0,265,10.666666666666666
2023.0,Telangana,Flowers_open,69,23.0,265,10.666666666666666
2016.0,Telangana,Fruits_open,0,,55,3.3333333333333335
2017.0,Telangana,Fruits_open,0,0.0,55,3.3333333333333335
2018.0,Telangana,Fruits_open,0,0.0,55,3.3333333333333335
2019.0,Telangana,Fruits_open,24,24.0,55,3.3333333333333335
2021.0,Telangana,Fruits_open,0,-24.0,55,3.3333333333333335
2022.0,Telangana,Fruits_open,11,11.0,55,3.3333333333333335
2023.0,Telangana,Fruits_open,20,9.0,55,3.3333333333333335
2016.0,Telangana,Fruits_ripe,5,,267,10.666666666666666
2017.0,Telangana,Fruits_ripe,3,-2.0,267,10.666666666666666
2018.0,Telangana,Fruits_ripe,40,37.0,267,10.666666666666666
2019.0,Telangana,Fruits_ripe,98,58.0,267,10.666666666666666
2021.0,Telangana,Fruits_ripe,2,-96.0,267,10.666666666666666
2022.0,Telangana,Fruits_ripe,50,48.0,267,10.666666666666666
2023.0,Telangana,Fruits_ripe,69,19.0,267,10.666666666666666
2016.0,Telangana,Fruits_unripe,5,,274,10.833333333333334
2017.0,Telangana,Fruits_unripe,3,-2.0,274,10.833333333333334
2018.0,Telangana,Fruits_unripe,40,37.0,274,10.833333333333334
2019.0,Telangana,Fruits_unripe,99,59.0,274,10.833333333333334
2021.0,Telangana,Fruits_unripe,3,-96.0,274,10.833333333333334
2022.0,Telangana,Fruits_unripe,54,51.0,274,10.833333333333334
2023.0,Telangana,Fruits_unripe,70,16.0,274,10.833333333333334
2016.0,Telangana,Leaves_fresh,5,,286,11.666666666666666
2017.0,Telangana,Leaves_fresh,3,-2.0,286,11.666666666666666
2018.0,Telangana,Leaves_fresh,40,37.0,286,11.666666666666666
2019.0,Telangana,Leaves_fresh,106,66.0,286,11.666666666666666
2021.0,Telangana,Leaves_fresh,3,-103.0,286,11.666666666666666
2022.0,Telangana,Leaves_fresh,54,51.0,286,11.666666666666666
2023.0,Telangana,Leaves_fresh,75,21.0,286,11.666666666666666
2016.0,Telangana,Leaves_mature,5,,289,12.333333333333334
2017.0,Telangana,Leaves_mature,3,-2.0,289,12.333333333333334
2018.0,Telangana,Leaves_mature,40,37.0,289,12.333333333333334
2019.0,Telangana,Leaves_mature,104,64.0,289,12.333333333333334
2021.0,Telangana,Leaves_mature,3,-101.0,289,12.333333333333334
2022.0,Telangana,Leaves_mature,55,52.0,289,12.333333333333334
2023.0,Telangana,Leaves_mature,79,24.0,289,12.333333333333334
2016.0,Telangana,Leaves_old,0,,253,13.0
2017.0,Telangana,Leaves_old,0,0.0,253,13.0
2018.0,Telangana,Leaves_old,13,13.0,253,13.0
2019.0,Telangana,Leaves_old,105,92.0,253,13.0
2021.0,Telangana,Leaves_old,2,-103.0,253,13.0
2022.0,Telangana,Leaves_old,55,53.0,253,13.0
2023.0,Telangana,Leaves_old,78,23.0,253,13.0
2016.0,West Bengal,Flowers_Female,0,,79,10.166666666666666
2018.0,West Bengal,Flowers_Female,12,12.0,79,10.166666666666666
2019.0,West Bengal,Flowers_Female,0,-12.0,79,10.166666666666666
2020.0,West Bengal,Flowers_Female,0,0.0,79,10.166666666666666
2021.0,West Bengal,Flowers_Female,1,1.0,79,10.166666666666666
2022.0,West Bengal,Flowers_Female,5,4.0,79,10.166666666666666
2023.0,West Bengal,Flowers_Female,61,56.0,79,10.166666666666666
2016.0,West Bengal,Flowers_bud,1,,720,62.166666666666664
2018.0,West Bengal,Flowers_bud,254,253.0,720,62.166666666666664
2019.0,West Bengal,Flowers_bud,3,-251.0,720,62.166666666666664
2020.0,West Bengal,Flowers_bud,20,17.0,720,62.166666666666664
2021.0,West Bengal,Flowers_bud,6,-14.0,720,62.166666666666664
2022.0,West Bengal,Flowers_bud,62,56.0,720,62.166666666666664
2023.0,West Bengal,Flowers_bud,374,312.0,720,62.166666666666664
2016.0,West Bengal,Flowers_male,0,,80,10.166666666666666
2018.0,West Bengal,Flowers_male,12,12.0,80,10.166666666666666
2019.0,West Bengal,Flowers_male,0,-12.0,80,10.166666666666666
2020.0,West Bengal,Flowers_male,0,0.0,80,10.166666666666666
2021.0,West Bengal,Flowers_male,1,1.0,80,10.166666666666666
2022.0,West Bengal,Flowers_male,6,5.0,80,10.166666666666666
2023.0,West Bengal,Flowers_male,61,55.0,80,10.166666666666666
2016.0,West Bengal,Flowers_open,1,,668,58.5
2018.0,West Bengal,Flowers_open,229,228.0,668,58.5
2019.0,West Bengal,Flowers_open,3,-226.0,668,58.5
2020.0,West Bengal,Flowers_open,20,17.0,668,58.5
2021.0,West Bengal,Flowers_open,6,-14.0,668,58.5
2022.0,West Bengal,Flowers_open,57,51.0,668,58.5
2023.0,West Bengal,Flowers_open,352,295.0,668,58.5
2016.0,West Bengal,Fruits_open,0,,175,18.166666666666668
2018.0,West Bengal,Fruits_open,39,39.0,175,18.166666666666668
2019.0,West Bengal,Fruits_open,2,-37.0,175,18.166666666666668
2020.0,West Bengal,Fruits_open,2,0.0,175,18.166666666666668
2021.0,West Bengal,Fruits_open,1,-1.0,175,18.166666666666668
2022.0,West Bengal,Fruits_open,22,21.0,175,18.166666666666668
2023.0,West Bengal,Fruits_open,109,87.0,175,18.166666666666668
2016.0,West Bengal,Fruits_ripe,1,,818,73.0
2018.0,West Bengal,Fruits_ripe,282,281.0,818,73.0
2019.0,West Bengal,Fruits_ripe,3,-279.0,818,73.0
2020.0,West Bengal,Fruits_ripe,20,17.0,818,73.0
2021.0,West Bengal,Fruits_ripe,6,-14.0,818,73.0
2022.0,West Bengal,Fruits_ripe,67,61.0,818,73.0
2023.0,West Bengal,Fruits_ripe,439,372.0,818,73.0
2016.0,West Bengal,Fruits_unripe,1,,820,73.66666666666667
2018.0,West Bengal,Fruits_unripe,280,279.0,820,73.66666666666667
2019.0,West Bengal,Fruits_unripe,3,-277.0,820,73.66666666666667
2020.0,West Bengal,Fruits_unripe,20,17.0,820,73.66666666666667
2021.0,West Bengal,Fruits_unripe,6,-14.0,820,73.66666666666667
2022.0,West Bengal,Fruits_unripe,67,61.0,820,73.66666666666667
2023.0,West Bengal,Fruits_unripe,443,376.0,820,73.66666666666667
2016.0,West Bengal,Leaves_fresh,1,,846,75.66666666666667
2018.0,West Bengal,Leaves_fresh,293,292.0,846,75.66666666666667
2019.0,West Bengal,Leaves_fresh,4,-289.0,846,75.66666666666667
2020.0,West Bengal,Leaves_fresh,20,16.0,846,75.66666666666667
2021.0,West Bengal,Leaves_fresh,6,-14.0,846,75.66666666666667
2022.0,West Bengal,Leaves_fresh,67,61.0,846,75.66666666666667
2023.0,West Bengal,Leaves_fresh,455,388.0,846,75.66666666666667
2016.0,West Bengal,Leaves_mature,1,,850,76.0
2018.0,West Bengal,Leaves_mature,294,293.0,850,76.0
2019.0,West Bengal,Leaves_mature,5,-289.0,850,76.0
2020.0,West Bengal,Leaves_mature,20,15.0,850,76.0
2021.0,West Bengal,Leaves_mature,6,-14.0,850,76.0
2022.0,West Bengal,Leaves_mature,67,61.0,850,76.0
2023.0,West Bengal,Leaves_mature,457,390.0,850,76.0
2016.0,West Bengal,Leaves_old,0,,837,75.0
2018.0,West Bengal,Leaves_old,294,294.0,837,75.0
2019.0,West Bengal,Leaves_old,3,-291.0,837,75.0
2020.0,West Bengal,Leaves_old,17,14.0,837,75.0
2021.0,West Bengal,Leaves_old,6,-11.0,837,75.0
2022.0,West Bengal,Leaves_old,67,61.0,837,75.0
2023.0,West Bengal,Leaves_old,450,383.0,837,75.0
2017.0,Assam,Flowers_Female,0,,27,1.0
2018.0,Assam,Flowers_Female,0,0.0,27,1.0
2019.0,Assam,Flowers_Female,0,0.0,27,1.0
2022.0,Assam,Flowers_Female,23,23.0,27,1.0
2023.0,Assam,Flowers_Female,4,-19.0,27,1.0
2017.0,Assam,Flowers_bud,85,,221,-14.75
2018.0,Assam,Flowers_bud,31,-54.0,221,-14.75
2019.0,Assam,Flowers_bud,16,-15.0,221,-14.75
2022.0,Assam,Flowers_bud,63,47.0,221,-14.75
2023.0,Assam,Flowers_bud,26,-37.0,221,-14.75
2017.0,Assam,Flowers_male,0,,27,1.0
2018.0,Assam,Flowers_male,0,0.0,27,1.0
2019.0,Assam,Flowers_male,0,0.0,27,1.0
2022.0,Assam,Flowers_male,23,23.0,27,1.0
2023.0,Assam,Flowers_male,4,-19.0,27,1.0
2017.0,Assam,Flowers_open,83,,212,-14.5
2018.0,Assam,Flowers_open,31,-52.0,212,-14.5
2019.0,Assam,Flowers_open,16,-15.0,212,-14.5
2022.0,Assam,Flowers_open,57,41.0,212,-14.5
2023.0,Assam,Flowers_open,25,-32.0,212,-14.5
2017.0,Assam,Fruits_open,0,,25,2.5
2018.0,Assam,Fruits_open,1,1.0,25,2.5
2019.0,Assam,Fruits_open,0,-1.0,25,2.5
2022.0,Assam,Fruits_open,14,14.0,25,2.5
2023.0,Assam,Fruits_open,10,-4.0,25,2.5
2017.0,Assam,Fruits_ripe,83,,227,-13.5
2018.0,Assam,Fruits_ripe,37,-46.0,227,-13.5
2019.0,Assam,Fruits_ripe,15,-22.0,227,-13.5
2022.0,Assam,Fruits_ripe,63,48.0,227,-13.5
2023.0,Assam,Fruits_ripe,29,-34.0,227,-13.5
2017.0,Assam,Fruits_unripe,86,,231,-14.0
2018.0,Assam,Fruits_unripe,37,-49.0,231,-14.0
2019.0,Assam,Fruits_unripe,15,-22.0,231,-14.0
2022.0,Assam,Fruits_unripe,63,48.0,231,-14.0
2023.0,Assam,Fruits_unripe,30,-33.0,231,-14.0
2017.0,Assam,Leaves_fresh,86,,234,-14.0
2018.0,Assam,Leaves_fresh,39,-47.0,234,-14.0
2019.0,Assam,Leaves_fresh,16,-23.0,234,-14.0
2022.0,Assam,Leaves_fresh,63,47.0,234,-14.0
2023.0,Assam,Leaves_fresh,30,-33.0,234,-14.0
2017.0,Assam,Leaves_mature,86,,234,-14.0
2018.0,Assam,Leaves_mature,39,-47.0,234,-14.0
2019.0,Assam,Leaves_mature,16,-23.0,234,-14.0
2022.0,Assam,Leaves_mature,63,47.0,234,-14.0
2023.0,Assam,Leaves_mature,30,-33.0,234,-14.0
2017.0,Assam,Leaves_old,0,,105,7.25
2018.0,Assam,Leaves_old,9,9.0,105,7.25
2019.0,Assam,Leaves_old,4,-5.0,105,7.25
2022.0,Assam,Leaves_old,63,59.0,105,7.25
2023.0,Assam,Leaves_old,29,-34.0,105,7.25
2017.0,Bihar,Flowers_Female,0,,14,1.25
2019.0,Bihar,Flowers_Female,0,0.0,14,1.25
2021.0,Bihar,Flowers_Female,8,8.0,14,1.25
2022.0,Bihar,Flowers_Female,1,-7.0,14,1.25
2023.0,Bihar,Flowers_Female,5,4.0,14,1.25
2017.0,Bihar,Flowers_bud,1,,27,1.5
2019.0,Bihar,Flowers_bud,1,0.0,27,1.5
2021.0,Bihar,Flowers_bud,17,16.0,27,1.5
2022.0,Bihar,Flowers_bud,1,-16.0,27,1.5
2023.0,Bihar,Flowers_bud,7,6.0,27,1.5
2017.0,Bihar,Flowers_male,0,,14,1.25
2019.0,Bihar,Flowers_male,0,0.0,14,1.25
2021.0,Bihar,Flowers_male,8,8.0,14,1.25
2022.0,Bihar,Flowers_male,1,-7.0,14,1.25
2023.0,Bihar,Flowers_male,5,4.0,14,1.25
2017.0,Bihar,Flowers_open,1,,24,1.0
2019.0,Bihar,Flowers_open,1,0.0,24,1.0
2021.0,Bihar,Flowers_open,17,16.0,24,1.0
2022.0,Bihar,Flowers_open,0,-17.0,24,1.0
2023.0,Bihar,Flowers_open,5,5.0,24,1.0
2017.0,Bihar,Fruits_open,0,,12,1.0
2019.0,Bihar,Fruits_open,0,0.0,12,1.0
2021.0,Bihar,Fruits_open,8,8.0,12,1.0
2022.0,Bihar,Fruits_open,0,-8.0,12,1.0
2023.0,Bihar,Fruits_open,4,4.0,12,1.0
2017.0,Bihar,Fruits_ripe,1,,27,1.5
2019.0,Bihar,Fruits_ripe,1,0.0,27,1.5
2021.0,Bihar,Fruits_ripe,17,16.0,27,1.5
2022.0,Bihar,Fruits_ripe,1,-16.0,27,1.5
2023.0,Bihar,Fruits_ripe,7,6.0,27,1.5
2017.0,Bihar,Fruits_unripe,1,,27,1.5
2019.0,Bihar,Fruits_unripe,1,0.0,27,1.5
2021.0,Bihar,Fruits_unripe,17,16.0,27,1.5
2022.0,Bihar,Fruits_unripe,1,-16.0,27,1.5
2023.0,Bihar,Fruits_unripe,7,6.0,27,1.5
2017.0,Bihar,Leaves_fresh,1,,27,1.5
2019.0,Bihar,Leaves_fresh,1,0.0,27,1.5
2021.0,Bihar,Leaves_fresh,17,16.0,27,1.5
2022.0,Bihar,Leaves_fresh,1,-16.0,27,1.5
2023.0,Bihar,Leaves_fresh,7,6.0,27,1.5
2017.0,Bihar,Leaves_mature,1,,27,1.5
2019.0,Bihar,Leaves_mature,1,0.0,27,1.5
2021.0,Bihar,Leaves_mature,17,16.0,27,1.5
2022.0,Bihar,Leaves_mature,1,-16.0,27,1.5
2023.0,Bihar,Leaves_mature,7,6.0,27,1.5
2017.0,Bihar,Leaves_old,0,,26,1.75
2019.0,Bihar,Leaves_old,1,1.0,26,1.75
2021.0,Bihar,Leaves_old,17,16.0,26,1.75
2022.0,Bihar,Leaves_old,1,-16.0,26,1.75
2023.0,Bihar,Leaves_old,7,6.0,26,1.75
2017.0,Gujarat,Flowers_Female,0,,38,5.0
2018.0,Gujarat,Flowers_Female,0,0.0,38,5.0
2020.0,Gujarat,Flowers_Female,1,1.0,38,5.0
2021.0,Gujarat,Flowers_Female,1,0.0,38,5.0
2022.0,Gujarat,Flowers_Female,11,10.0,38,5.0
2023.0,Gujarat,Flowers_Female,25,14.0,38,5.0
2017.0,Gujarat,Flowers_bud,6,,143,21.6
2018.0,Gujarat,Flowers_bud,7,1.0,143,21.6
2020.0,Gujarat,Flowers_bud,1,-6.0,143,21.6
2021.0,Gujarat,Flowers_bud,1,0.0,143,21.6
2022.0,Gujarat,Flowers_bud,14,13.0,143,21.6
2023.0,Gujarat,Flowers_bud,114,100.0,143,21.6
2017.0,Gujarat,Flowers_male,0,,38,5.0
2018.0,Gujarat,Flowers_male,0,0.0,38,5.0
2020.0,Gujarat,Flowers_male,1,1.0,38,5.0
2021.0,Gujarat,Flowers_male,1,0.0,38,5.0
2022.0,Gujarat,Flowers_male,11,10.0,38,5.0
2023.0,Gujarat,Flowers_male,25,14.0,38,5.0
2017.0,Gujarat,Flowers_open,6,,144,21.6
2018.0,Gujarat,Flowers_open,7,1.0,144,21.6
2020.0,Gujarat,Flowers_open,1,-6.0,144,21.6
2021.0,Gujarat,Flowers_open,1,0.0,144,21.6
2022.0,Gujarat,Flowers_open,15,14.0,144,21.6
2023.0,Gujarat,Flowers_open,114,99.0,144,21.6
2017.0,Gujarat,Fruits_open,0,,112,19.8
2018.0,Gujarat,Fruits_open,2,2.0,112,19.8
2020.0,Gujarat,Fruits_open,1,-1.0,112,19.8
2021.0,Gujarat,Fruits_open,1,0.0,112,19.8
2022.0,Gujarat,Fruits_open,9,8.0,112,19.8
2023.0,Gujarat,Fruits_open,99,90.0,112,19.8
2017.0,Gujarat,Fruits_ripe,5,,154,23.8
2018.0,Gujarat,Fruits_ripe,7,2.0,154,23.8
2020.0,Gujarat,Fruits_ripe,1,-6.0,154,23.8
2021.0,Gujarat,Fruits_ripe,1,0.0,154,23.8
2022.0,Gujarat,Fruits_ripe,16,15.0,154,23.8
2023.0,Gujarat,Fruits_ripe,124,108.0,154,23.8
2017.0,Gujarat,Fruits_unripe,4,,150,24.0
2018.0,Gujarat,Fruits_unripe,6,2.0,150,24.0
2020.0,Gujarat,Fruits_unripe,1,-5.0,150,24.0
2021.0,Gujarat,Fruits_unripe,1,0.0,150,24.0
2022.0,Gujarat,Fruits_unripe,14,13.0,150,24.0
2023.0,Gujarat,Fruits_unripe,124,110.0,150,24.0
2017.0,Gujarat,Leaves_fresh,4,,170,24.0
2018.0,Gujarat,Leaves_fresh,22,18.0,170,24.0
2020.0,Gujarat,Leaves_fresh,1,-21.0,170,24.0
2021.0,Gujarat,Leaves_fresh,1,0.0,170,24.0
2022.0,Gujarat,Leaves_fresh,18,17.0,170,24.0
2023.0,Gujarat,Leaves_fresh,124,106.0,170,24.0
2017.0,Gujarat,Leaves_mature,6,,173,23.8
2018.0,Gujarat,Leaves_mature,22,16.0,173,23.8
2020.0,Gujarat,Leaves_mature,1,-21.0,173,23.8
2021.0,Gujarat,Leaves_mature,1,0.0,173,23.8
2022.0,Gujarat,Leaves_mature,18,17.0,173,23.8
2023.0,Gujarat,Leaves_mature,125,107.0,173,23.8
2017.0,Gujarat,Leaves_old,0,,161,25.0
2018.0,Gujarat,Leaves_old,21,21.0,161,25.0
2020.0,Gujarat,Leaves_old,1,-20.0,161,25.0
2021.0,Gujarat,Leaves_old,1,0.0,161,25.0
2022.0,Gujarat,Leaves_old,13,12.0,161,25.0
2023.0,Gujarat,Leaves_old,125,112.0,161,25.0
2018.0,Chhattisgarh,Flowers_Female,0,,26,3.8
2019.0,Chhattisgarh,Flowers_Female,0,0.0,26,3.8
2020.0,Chhattisgarh,Flowers_Female,3,3.0,26,3.8
2021.0,Chhattisgarh,Flowers_Female,4,1.0,26,3.8
2022.0,Chhattisgarh,Flowers_Female,0,-4.0,26,3.8
2023.0,Chhattisgarh,Flowers_Female,19,19.0,26,3.8
2018.0,Chhattisgarh,Flowers_bud,19,,65,3.2
2019.0,Chhattisgarh,Flowers_bud,4,-15.0,65,3.2
2020.0,Chhattisgarh,Flowers_bud,3,-1.0,65,3.2
2021.0,Chhattisgarh,Flowers_bud,4,1.0,65,3.2
2022.0,Chhattisgarh,Flowers_bud,0,-4.0,65,3.2
2023.0,Chhattisgarh,Flowers_bud,35,35.0,65,3.2
2018.0,Chhattisgarh,Flowers_male,0,,27,4.0
2019.0,Chhattisgarh,Flowers_male,0,0.0,27,4.0
2020.0,Chhattisgarh,Flowers_male,3,3.0,27,4.0
2021.0,Chhattisgarh,Flowers_male,4,1.0,27,4.0
2022.0,Chhattisgarh,Flowers_male,0,-4.0,27,4.0
2023.0,Chhattisgarh,Flowers_male,20,20.0,27,4.0
2018.0,Chhattisgarh,Flowers_open,19,,55,1.6
2019.0,Chhattisgarh,Flowers_open,4,-15.0,55,1.6
2020.0,Chhattisgarh,Flowers_open,2,-2.0,55,1.6
2021.0,Chhattisgarh,Flowers_open,3,1.0,55,1.6
2022.0,Chhattisgarh,Flowers_open,0,-3.0,55,1.6
2023.0,Chhattisgarh,Flowers_open,27,27.0,55,1.6
2018.0,Chhattisgarh,Fruits_open,4,,28,3.0
2019.0,Chhattisgarh,Fruits_open,0,-4.0,28,3.0
2020.0,Chhattisgarh,Fruits_open,2,2.0,28,3.0
2021.0,Chhattisgarh,Fruits_open,3,1.0,28,3.0
2022.0,Chhattisgarh,Fruits_open,0,-3.0,28,3.0
2023.0,Chhattisgarh,Fruits_open,19,19.0,28,3.0
2018.0,Chhattisgarh,Fruits_ripe,22,,69,2.6
2019.0,Chhattisgarh,Fruits_ripe,4,-18.0,69,2.6
2020.0,Chhattisgarh,Fruits_ripe,3,-1.0,69,2.6
2021.0,Chhattisgarh,Fruits_ripe,4,1.0,69,2.6
2022.0,Chhattisgarh,Fruits_ripe,1,-3.0,69,2.6
2023.0,Chhattisgarh,Fruits_ripe,35,34.0,69,2.6
2018.0,Chhattisgarh,Fruits_unripe,18,,67,3.8
2019.0,Chhattisgarh,Fruits_unripe,4,-14.0,67,3.8
2020.0,Chhattisgarh,Fruits_unripe,3,-1.0,67,3.8
2021.0,Chhattisgarh,Fruits_unripe,4,1.0,67,3.8
2022.0,Chhattisgarh,Fruits_unripe,1,-3.0,67,3.8
2023.0,Chhattisgarh,Fruits_unripe,37,36.0,67,3.8
2018.0,Chhattisgarh,Leaves_fresh,23,,73,2.8
2019.0,Chhattisgarh,Leaves_fresh,5,-18.0,73,2.8
2020.0,Chhattisgarh,Leaves_fresh,3,-2.0,73,2.8
2021.0,Chhattisgarh,Leaves_fresh,4,1.0,73,2.8
2022.0,Chhattisgarh,Leaves_fresh,1,-3.0,73,2.8
2023.0,Chhattisgarh,Leaves_fresh,37,36.0,73,2.8
2018.0,Chhattisgarh,Leaves_mature,24,,76,3.0
2019.0,Chhattisgarh,Leaves_mature,5,-19.0,76,3.0
2020.0,Chhattisgarh,Leaves_mature,3,-2.0,76,3.0
2021.0,Chhattisgarh,Leaves_mature,4,1.0,76,3.0
2022.0,Chhattisgarh,Leaves_mature,1,-3.0,76,3.0
2023.0,Chhattisgarh,Leaves_mature,39,38.0,76,3.0
2018.0,Chhattisgarh,Leaves_old,21,,73,3.6
2019.0,Chhattisgarh,Leaves_old,5,-16.0,73,3.6
2020.0,Chhattisgarh,Leaves_old,3,-2.0,73,3.6
2021.0,Chhattisgarh,Leaves_old,4,1.0,73,3.6
2022.0,Chhattisgarh,Leaves_old,1,-3.0,73,3.6
2023.0,Chhattisgarh,Leaves_old,39,38.0,73,3.6
2018.0,Dadra and Nagar Haveli,Flowers_Female,0,,0,
2018.0,Dadra and Nagar Haveli,Flowers_bud,1,,1,
2018.0,Dadra and Nagar Haveli,Flowers_male,0,,0,
2018.0,Dadra and Nagar Haveli,Flowers_open,1,,1,
2018.0,Dadra and Nagar Haveli,Fruits_open,0,,0,
2018.0,Dadra and Nagar Haveli,Fruits_ripe,0,,0,
2018.0,Dadra and Nagar Haveli,Fruits_unripe,0,,0,
2018.0,Dadra and Nagar Haveli,Leaves_fresh,1,,1,
2018.0,Dadra and Nagar Haveli,Leaves_mature,1,,1,
2018.0,Dadra and Nagar Haveli,Leaves_old,1,,1,
2018.0,Goa,Flowers_Female,23,,309,39.4
2019.0,Goa,Flowers_Female,44,21.0,309,39.4
2020.0,Goa,Flowers_Female,4,-40.0,309,39.4
2021.0,Goa,Flowers_Female,9,5.0,309,39.4
2022.0,Goa,Flowers_Female,9,0.0,309,39.4
2023.0,Goa,Flowers_Female,220,211.0,309,39.4
2018.0,Goa,Flowers_bud,235,,1404,16.6
2019.0,Goa,Flowers_bud,810,575.0,1404,16.6
2020.0,Goa,Flowers_bud,7,-803.0,1404,16.6
2021.0,Goa,Flowers_bud,20,13.0,1404,16.6
2022.0,Goa,Flowers_bud,14,-6.0,1404,16.6
2023.0,Goa,Flowers_bud,318,304.0,1404,16.6
2018.0,Goa,Flowers_male,21,,307,39.8
2019.0,Goa,Flowers_male,44,23.0,307,39.8
2020.0,Goa,Flowers_male,4,-40.0,307,39.8
2021.0,Goa,Flowers_male,9,5.0,307,39.8
2022.0,Goa,Flowers_male,9,0.0,307,39.8
2023.0,Goa,Flowers_male,220,211.0,307,39.8
2018.0,Goa,Flowers_open,225,,1350,18.4
2019.0,Goa,Flowers_open,767,542.0,1350,18.4
2020.0,Goa,Flowers_open,7,-760.0,1350,18.4
2021.0,Goa,Flowers_open,20,13.0,1350,18.4
2022.0,Goa,Flowers_open,14,-6.0,1350,18.4
2023.0,Goa,Flowers_open,317,303.0,1350,18.4
2018.0,Goa,Fruits_open,11,,306,43.8
2019.0,Goa,Fruits_open,45,34.0,306,43.8
2020.0,Goa,Fruits_open,2,-43.0,306,43.8
2021.0,Goa,Fruits_open,9,7.0,306,43.8
2022.0,Goa,Fruits_open,9,0.0,306,43.8
2023.0,Goa,Fruits_open,230,221.0,306,43.8
2018.0,Goa,Fruits_ripe,249,,1457,14.6
2019.0,Goa,Fruits_ripe,846,597.0,1457,14.6
2020.0,Goa,Fruits_ripe,7,-839.0,1457,14.6
2021.0,Goa,Fruits_ripe,19,12.0,1457,14.6
2022.0,Goa,Fruits_ripe,14,-5.0,1457,14.6
2023.0,Goa,Fruits_ripe,322,308.0,1457,14.6
2018.0,Goa,Fruits_unripe,245,,1454,15.2
2019.0,Goa,Fruits_unripe,848,603.0,1454,15.2
2020.0,Goa,Fruits_unripe,7,-841.0,1454,15.2
2021.0,Goa,Fruits_unripe,19,12.0,1454,15.2
2022.0,Goa,Fruits_unripe,14,-5.0,1454,15.2
2023.0,Goa,Fruits_unripe,321,307.0,1454,15.2
2018.0,Goa,Leaves_fresh,257,,1485,13.2
2019.0,Goa,Leaves_fresh,866,609.0,1485,13.2
2020.0,Goa,Leaves_fresh,7,-859.0,1485,13.2
2021.0,Goa,Leaves_fresh,20,13.0,1485,13.2
2022.0,Goa,Leaves_fresh,12,-8.0,1485,13.2
2023.0,Goa,Leaves_fresh,323,311.0,1485,13.2
2018.0,Goa,Leaves_mature,258,,1485,13.0
2019.0,Goa,Leaves_mature,864,606.0,1485,13.0
2020.0,Goa,Leaves_mature,7,-857.0,1485,13.0
2021.0,Goa,Leaves_mature,20,13.0,1485,13.0
2022.0,Goa,Leaves_mature,13,-7.0,1485,13.0
2023.0,Goa,Leaves_mature,323,310.0,1485,13.0
2018.0,Goa,Leaves_old,255,,1341,13.4
2019.0,Goa,Leaves_old,724,469.0,1341,13.4
2020.0,Goa,Leaves_old,7,-717.0,1341,13.4
2021.0,Goa,Leaves_old,19,12.0,1341,13.4
2022.0,Goa,Leaves_old,14,-5.0,1341,13.4
2023.0,Goa,Leaves_old,322,308.0,1341,13.4
2018.0,Jammu and Kashmir,Flowers_Female,0,,0,
2018.0,Jammu and Kashmir,Flowers_bud,1,,1,
2018.0,Jammu and Kashmir,Flowers_male,0,,0,
2018.0,Jammu and Kashmir,Flowers_open,1,,1,
2018.0,Jammu and Kashmir,Fruits_open,0,,0,
2018.0,Jammu and Kashmir,Fruits_ripe,0,,0,
2018.0,Jammu and Kashmir,Fruits_unripe,0,,0,
2018.0,Jammu and Kashmir,Leaves_fresh,1,,1,
2018.0,Jammu and Kashmir,Leaves_mature,1,,1,
2018.0,Jammu and Kashmir,Leaves_old,1,,1,
2018.0,Jharkhand,Flowers_Female,0,,7,0.6
2019.0,Jharkhand,Flowers_Female,0,0.0,7,0.6
2020.0,Jharkhand,Flowers_Female,0,0.0,7,0.6
2021.0,Jharkhand,Flowers_Female,3,3.0,7,0.6
2022.0,Jharkhand,Flowers_Female,1,-2.0,7,0.6
2023.0,Jharkhand,Flowers_Female,3,2.0,7,0.6
2018.0,Jharkhand,Flowers_bud,4,,23,0.0
2019.0,Jharkhand,Flowers_bud,6,2.0,23,0.0
2020.0,Jharkhand,Flowers_bud,0,-6.0,23,0.0
2021.0,Jharkhand,Flowers_bud,4,4.0,23,0.0
2022.0,Jharkhand,Flowers_bud,5,1.0,23,0.0
2023.0,Jharkhand,Flowers_bud,4,-1.0,23,0.0
2018.0,Jharkhand,Flowers_male,0,,6,0.6
2019.0,Jharkhand,Flowers_male,0,0.0,6,0.6
2020.0,Jharkhand,Flowers_male,0,0.0,6,0.6
2021.0,Jharkhand,Flowers_male,2,2.0,6,0.6
2022.0,Jharkhand,Flowers_male,1,-1.0,6,0.6
2023.0,Jharkhand,Flowers_male,3,2.0,6,0.6
2018.0,Jharkhand,Flowers_open,4,,24,-0.2
2019.0,Jharkhand,Flowers_open,6,2.0,24,-0.2
2020.0,Jharkhand,Flowers_open,1,-5.0,24,-0.2
2021.0,Jharkhand,Flowers_open,4,3.0,24,-0.2
2022.0,Jharkhand,Flowers_open,6,2.0,24,-0.2
2023.0,Jharkhand,Flowers_open,3,-3.0,24,-0.2
2018.0,Jharkhand,Fruits_open,2,,9,0.2
2019.0,Jharkhand,Fruits_open,0,-2.0,9,0.2
2020.0,Jharkhand,Fruits_open,0,0.0,9,0.2
2021.0,Jharkhand,Fruits_open,2,2.0,9,0.2
2022.0,Jharkhand,Fruits_open,2,0.0,9,0.2
2023.0,Jharkhand,Fruits_open,3,1.0,9,0.2
2018.0,Jharkhand,Fruits_ripe,4,,25,0.0
2019.0,Jharkhand,Fruits_ripe,10,6.0,25,0.0
2020.0,Jharkhand,Fruits_ripe,0,-10.0,25,0.0
2021.0,Jharkhand,Fruits_ripe,3,3.0,25,0.0
2022.0,Jharkhand,Fruits_ripe,4,1.0,25,0.0
2023.0,Jharkhand,Fruits_ripe,4,0.0,25,0.0
2018.0,Jharkhand,Fruits_unripe,4,,26,0.0
2019.0,Jharkhand,Fruits_unripe,10,6.0,26,0.0
2020.0,Jharkhand,Fruits_unripe,0,-10.0,26,0.0
2021.0,Jharkhand,Fruits_unripe,4,4.0,26,0.0
2022.0,Jharkhand,Fruits_unripe,4,0.0,26,0.0
2023.0,Jharkhand,Fruits_unripe,4,0.0,26,0.0
2018.0,Jharkhand,Leaves_fresh,5,,31,-0.2
2019.0,Jharkhand,Leaves_fresh,10,5.0,31,-0.2
2020.0,Jharkhand,Leaves_fresh,1,-9.0,31,-0.2
2021.0,Jharkhand,Leaves_fresh,4,3.0,31,-0.2
2022.0,Jharkhand,Leaves_fresh,7,3.0,31,-0.2
2023.0,Jharkhand,Leaves_fresh,4,-3.0,31,-0.2
2018.0,Jharkhand,Leaves_mature,5,,30,-0.2
2019.0,Jharkhand,Leaves_mature,10,5.0,30,-0.2
2020.0,Jharkhand,Leaves_mature,1,-9.0,30,-0.2
2021.0,Jharkhand,Leaves_mature,4,3.0,30,-0.2
2022.0,Jharkhand,Leaves_mature,6,2.0,30,-0.2
2023.0,Jharkhand,Leaves_mature,4,-2.0,30,-0.2
2018.0,Jharkhand,Leaves_old,5,,29,-0.2
2019.0,Jharkhand,Leaves_old,10,5.0,29,-0.2
2020.0,Jharkhand,Leaves_old,1,-9.0,29,-0.2
2021.0,Jharkhand,Leaves_old,4,3.0,29,-0.2
2022.0,Jharkhand,Leaves_old,5,1.0,29,-0.2
2023.0,Jharkhand,Leaves_old,4,-1.0,29,-0.2
2018.0,Manipur,Flowers_Female,0,,0,0.0
2022.0,Manipur,Flowers_Female,0,0.0,0,0.0
2023.0,Manipur,Flowers_Female,0,0.0,0,0.0
2018.0,Manipur,Flowers_bud,7,,12,-3.0
2022.0,Manipur,Flowers_bud,4,-3.0,12,-3.0
2023.0,Manipur,Flowers_bud,1,-3.0,12,-3.0
2018.0,Manipur,Flowers_male,0,,0,0.0
2022.0,Manipur,Flowers_male,0,0.0,0,0.0
2023.0,Manipur,Flowers_male,0,0.0,0,0.0
2018.0,Manipur,Flowers_open,6,,11,-2.5
2022.0,Manipur,Flowers_open,4,-2.0,11,-2.5
2023.0,Manipur,Flowers_open,1,-3.0,11,-2.5
2018.0,Manipur,Fruits_open,0,,0,0.0
2022.0,Manipur,Fruits_open,0,0.0,0,0.0
2023.0,Manipur,Fruits_open,0,0.0,0,0.0
2018.0,Manipur,Fruits_ripe,10,,15,-4.5
2022.0,Manipur,Fruits_ripe,4,-6.0,15,-4.5
2023.0,Manipur,Fruits_ripe,1,-3.0,15,-4.5
2018.0,Manipur,Fruits_unripe,10,,15,-4.5
2022.0,Manipur,Fruits_unripe,4,-6.0,15,-4.5
2023.0,Manipur,Fruits_unripe,1,-3.0,15,-4.5
2018.0,Manipur,Leaves_fresh,10,,17,-4.5
2022.0,Manipur,Leaves_fresh,6,-4.0,17,-4.5
2023.0,Manipur,Leaves_fresh,1,-5.0,17,-4.5
2018.0,Manipur,Leaves_mature,10,,17,-4.5
2022.0,Manipur,Leaves_mature,6,-4.0,17,-4.5
2023.0,Manipur,Leaves_mature,1,-5.0,17,-4.5
2018.0,Manipur,Leaves_old,10,,17,-4.5
2022.0,Manipur,Leaves_old,6,-4.0,17,-4.5
2023.0,Manipur,Leaves_old,1,-5.0,17,-4.5
2018.0,Odisha,Flowers_Female,0,,334,48.8
2019.0,Odisha,Flowers_Female,0,0.0,334,48.8
2020.0,Odisha,Flowers_Female,7,7.0,334,48.8
2021.0,Odisha,Flowers_Female,19,12.0,334,48.8
2022.0,Odisha,Flowers_Female,64,45.0,334,48.8
2023.0,Odisha,Flowers_Female,244,180.0,334,48.8
2018.0,Odisha,Flowers_bud,30,,575,64.2
2019.0,Odisha,Flowers_bud,36,6.0,575,64.2
2020.0,Odisha,Flowers_bud,15,-21.0,575,64.2
2021.0,Odisha,Flowers_bud,31,16.0,575,64.2
2022.0,Odisha,Flowers_bud,112,81.0,575,64.2
2023.0,Odisha,Flowers_bud,351,239.0,575,64.2
2018.0,Odisha,Flowers_male,0,,334,48.8
2019.0,Odisha,Flowers_male,0,0.0,334,48.8
2020.0,Odisha,Flowers_male,7,7.0,334,48.8
2021.0,Odisha,Flowers_male,19,12.0,334,48.8
2022.0,Odisha,Flowers_male,64,45.0,334,48.8
2023.0,Odisha,Flowers_male,244,180.0,334,48.8
2018.0,Odisha,Flowers_open,30,,559,61.6
2019.0,Odisha,Flowers_open,36,6.0,559,61.6
2020.0,Odisha,Flowers_open,15,-21.0,559,61.6
2021.0,Odisha,Flowers_open,31,16.0,559,61.6
2022.0,Odisha,Flowers_open,109,78.0,559,61.6
2023.0,Odisha,Flowers_open,338,229.0,559,61.6
2018.0,Odisha,Fruits_open,0,,385,50.4
2019.0,Odisha,Fruits_open,17,17.0,385,50.4
2020.0,Odisha,Fruits_open,11,-6.0,385,50.4
2021.0,Odisha,Fruits_open,27,16.0,385,50.4
2022.0,Odisha,Fruits_open,78,51.0,385,50.4
2023.0,Odisha,Fruits_open,252,174.0,385,50.4
2018.0,Odisha,Fruits_ripe,30,,577,64.6
2019.0,Odisha,Fruits_ripe,36,6.0,577,64.6
2020.0,Odisha,Fruits_ripe,15,-21.0,577,64.6
2021.0,Odisha,Fruits_ripe,31,16.0,577,64.6
2022.0,Odisha,Fruits_ripe,112,81.0,577,64.6
2023.0,Odisha,Fruits_ripe,353,241.0,577,64.6
2018.0,Odisha,Fruits_unripe,30,,575,64.6
2019.0,Odisha,Fruits_unripe,34,4.0,575,64.6
2020.0,Odisha,Fruits_unripe,15,-19.0,575,64.6
2021.0,Odisha,Fruits_unripe,31,16.0,575,64.6
2022.0,Odisha,Fruits_unripe,112,81.0,575,64.6
2023.0,Odisha,Fruits_unripe,353,241.0,575,64.6
2018.0,Odisha,Leaves_fresh,29,,578,65.0
2019.0,Odisha,Leaves_fresh,36,7.0,578,65.0
2020.0,Odisha,Leaves_fresh,15,-21.0,578,65.0
2021.0,Odisha,Leaves_fresh,31,16.0,578,65.0
2022.0,Odisha,Leaves_fresh,113,82.0,578,65.0
2023.0,Odisha,Leaves_fresh,354,241.0,578,65.0
2018.0,Odisha,Leaves_mature,30,,581,65.2
2019.0,Odisha,Leaves_mature,36,6.0,581,65.2
2020.0,Odisha,Leaves_mature,15,-21.0,581,65.2
2021.0,Odisha,Leaves_mature,31,16.0,581,65.2
2022.0,Odisha,Leaves_mature,113,82.0,581,65.2
2023.0,Odisha,Leaves_mature,356,243.0,581,65.2
2018.0,Odisha,Leaves_old,7,,551,68.8
2019.0,Odisha,Leaves_old,34,27.0,551,68.8
2020.0,Odisha,Leaves_old,15,-19.0,551,68.8
2021.0,Odisha,Leaves_old,31,16.0,551,68.8
2022.0,Odisha,Leaves_old,113,82.0,551,68.8
2023.0,Odisha,Leaves_old,351,238.0,551,68.8
2018.0,Rajasthan,Flowers_Female,3,,68,9.2
2019.0,Rajasthan,Flowers_Female,0,-3.0,68,9.2
2020.0,Rajasthan,Flowers_Female,1,1.0,68,9.2
2021.0,Rajasthan,Flowers_Female,4,3.0,68,9.2
2022.0,Rajasthan,Flowers_Female,11,7.0,68,9.2
2023.0,Rajasthan,Flowers_Female,49,38.0,68,9.2
2018.0,Rajasthan,Flowers_bud,63,,169,1.0
2019.0,Rajasthan,Flowers_bud,11,-52.0,169,1.0
2020.0,Rajasthan,Flowers_bud,2,-9.0,169,1.0
2021.0,Rajasthan,Flowers_bud,4,2.0,169,1.0
2022.0,Rajasthan,Flowers_bud,21,17.0,169,1.0
2023.0,Rajasthan,Flowers_bud,68,47.0,169,1.0
2018.0,Rajasthan,Flowers_male,3,,68,9.2
2019.0,Rajasthan,Flowers_male,0,-3.0,68,9.2
2020.0,Rajasthan,Flowers_male,1,1.0,68,9.2
2021.0,Rajasthan,Flowers_male,4,3.0,68,9.2
2022.0,Rajasthan,Flowers_male,11,7.0,68,9.2
2023.0,Rajasthan,Flowers_male,49,38.0,68,9.2
2018.0,Rajasthan,Flowers_open,66,,171,0.2
2019.0,Rajasthan,Flowers_open,11,-55.0,171,0.2
2020.0,Rajasthan,Flowers_open,2,-9.0,171,0.2
2021.0,Rajasthan,Flowers_open,4,2.0,171,0.2
2022.0,Rajasthan,Flowers_open,21,17.0,171,0.2
2023.0,Rajasthan,Flowers_open,67,46.0,171,0.2
2018.0,Rajasthan,Fruits_open,11,,88,8.8
2019.0,Rajasthan,Fruits_open,5,-6.0,88,8.8
2020.0,Rajasthan,Fruits_open,2,-3.0,88,8.8
2021.0,Rajasthan,Fruits_open,4,2.0,88,8.8
2022.0,Rajasthan,Fruits_open,11,7.0,88,8.8
2023.0,Rajasthan,Fruits_open,55,44.0,88,8.8
2018.0,Rajasthan,Fruits_ripe,63,,170,1.2
2019.0,Rajasthan,Fruits_ripe,11,-52.0,170,1.2
2020.0,Rajasthan,Fruits_ripe,2,-9.0,170,1.2
2021.0,Rajasthan,Fruits_ripe,4,2.0,170,1.2
2022.0,Rajasthan,Fruits_ripe,21,17.0,170,1.2
2023.0,Rajasthan,Fruits_ripe,69,48.0,170,1.2
2018.0,Rajasthan,Fruits_unripe,71,,178,-0.4
2019.0,Rajasthan,Fruits_unripe,11,-60.0,178,-0.4
2020.0,Rajasthan,Fruits_unripe,2,-9.0,178,-0.4
2021.0,Rajasthan,Fruits_unripe,4,2.0,178,-0.4
2022.0,Rajasthan,Fruits_unripe,21,17.0,178,-0.4
2023.0,Rajasthan,Fruits_unripe,69,48.0,178,-0.4
2018.0,Rajasthan,Leaves_fresh,70,,178,-0.2
2019.0,Rajasthan,Leaves_fresh,11,-59.0,178,-0.2
2020.0,Rajasthan,Leaves_fresh,3,-8.0,178,-0.2
2021.0,Rajasthan,Leaves_fresh,4,1.0,178,-0.2
2022.0,Rajasthan,Leaves_fresh,21,17.0,178,-0.2
2023.0,Rajasthan,Leaves_fresh,69,48.0,178,-0.2
2018.0,Rajasthan,Leaves_mature,74,,181,-1.0
2019.0,Rajasthan,Leaves_mature,10,-64.0,181,-1.0
2020.0,Rajasthan,Leaves_mature,3,-7.0,181,-1.0
2021.0,Rajasthan,Leaves_mature,4,1.0,181,-1.0
2022.0,Rajasthan,Leaves_mature,21,17.0,181,-1.0
2023.0,Rajasthan,Leaves_mature,69,48.0,181,-1.0
2018.0,Rajasthan,Leaves_old,73,,181,-0.8
2019.0,Rajasthan,Leaves_old,11,-62.0,181,-0.8
2020.0,Rajasthan,Leaves_old,3,-8.0,181,-0.8
2021.0,Rajasthan,Leaves_old,4,1.0,181,-0.8
2022.0,Rajasthan,Leaves_old,21,17.0,181,-0.8
2023.0,Rajasthan,Leaves_old,69,48.0,181,-0.8
2018.0,Tripura,Flowers_Female,0,,0,
2018.0,Tripura,Flowers_bud,2,,2,
2018.0,Tripura,Flowers_male,0,,0,
2018.0,Tripura,Flowers_open,2,,2,
2018.0,Tripura,Fruits_open,1,,1,
2018.0,Tripura,Fruits_ripe,2,,2,
2018.0,Tripura,Fruits_unripe,1,,1,
2018.0,Tripura,Leaves_fresh,2,,2,
2018.0,Tripura,Leaves_mature,2,,2,
2018.0,Tripura,Leaves_old,2,,2,
2021.0,Andaman and Nicobar Islands,Flowers_Female,4,,198,42.0
2022.0,Andaman and Nicobar Islands,Flowers_Female,106,102.0,198,42.0
2023.0,Andaman and Nicobar Islands,Flowers_Female,88,-18.0,198,42.0
2021.0,Andaman and Nicobar Islands,Flowers_bud,6,,542,85.0
2022.0,Andaman and Nicobar Islands,Flowers_bud,360,354.0,542,85.0
2023.0,Andaman and Nicobar Islands,Flowers_bud,176,-184.0,542,85.0
2021.0,Andaman and Nicobar Islands,Flowers_male,4,,198,42.0
2022.0,Andaman and Nicobar Islands,Flowers_male,106,102.0,198,42.0
2023.0,Andaman and Nicobar Islands,Flowers_male,88,-18.0,198,42.0
2021.0,Andaman and Nicobar Islands,Flowers_open,3,,427,57.0
2022.0,Andaman and Nicobar Islands,Flowers_open,307,304.0,427,57.0
2023.0,Andaman and Nicobar Islands,Flowers_open,117,-190.0,427,57.0
2021.0,Andaman and Nicobar Islands,Fruits_open,1,,120,19.0
2022.0,Andaman and Nicobar Islands,Fruits_open,80,79.0,120,19.0
2023.0,Andaman and Nicobar Islands,Fruits_open,39,-41.0,120,19.0
2021.0,Andaman and Nicobar Islands,Fruits_ripe,6,,544,85.0
2022.0,Andaman and Nicobar Islands,Fruits_ripe,362,356.0,544,85.0
2023.0,Andaman and Nicobar Islands,Fruits_ripe,176,-186.0,544,85.0
2021.0,Andaman and Nicobar Islands,Fruits_unripe,6,,542,85.0
2022.0,Andaman and Nicobar Islands,Fruits_unripe,360,354.0,542,85.0
2023.0,Andaman and Nicobar Islands,Fruits_unripe,176,-184.0,542,85.0
2021.0,Andaman and Nicobar Islands,Leaves_fresh,6,,545,85.0
2022.0,Andaman and Nicobar Islands,Leaves_fresh,363,357.0,545,85.0
2023.0,Andaman and Nicobar Islands,Leaves_fresh,176,-187.0,545,85.0
2021.0,Andaman and Nicobar Islands,Leaves_mature,6,,544,85.0
2022.0,Andaman and Nicobar Islands,Leaves_mature,362,356.0,544,85.0
2023.0,Andaman and Nicobar Islands,Leaves_mature,176,-186.0,544,85.0
2021.0,Andaman and Nicobar Islands,Leaves_old,6,,544,85.0
2022.0,Andaman and Nicobar Islands,Leaves_old,362,356.0,544,85.0
2023.0,Andaman and Nicobar Islands,Leaves_old,176,-186.0,544,85.0
2022.0,Nagaland,Flowers_Female,3,,28,22.0
2023.0,Nagaland,Flowers_Female,25,22.0,28,22.0
2022.0,Nagaland,Flowers_bud,3,,29,23.0
2023.0,Nagaland,Flowers_bud,26,23.0,29,23.0
2022.0,Nagaland,Flowers_male,3,,28,22.0
2023.0,Nagaland,Flowers_male,25,22.0,28,22.0
2022.0,Nagaland,Flowers_open,3,,25,19.0
2023.0,Nagaland,Flowers_open,22,19.0,25,19.0
2022.0,Nagaland,Fruits_open,3,,27,21.0
2023.0,Nagaland,Fruits_open,24,21.0,27,21.0
2022.0,Nagaland,Fruits_ripe,3,,30,24.0
2023.0,Nagaland,Fruits_ripe,27,24.0,30,24.0
2022.0,Nagaland,Fruits_unripe,3,,30,24.0
2023.0,Nagaland,Fruits_unripe,27,24.0,30,24.0
2022.0,Nagaland,Leaves_fresh,3,,31,25.0
2023.0,Nagaland,Leaves_fresh,28,25.0,31,25.0
2022.0,Nagaland,Leaves_mature,3,,31,25.0
2023.0,Nagaland,Leaves_mature,28,25.0,31,25.0
2022.0,Nagaland,Leaves_old,3,,31,25.0
2023.0,Nagaland,Leaves_old,28,25.0,31,25.0
