Species_name,State_name,Leaves_fresh,Flowers_bud,Fruits_ripe
Amla-Phyllanthus emblica,Andaman and Nicobar Islands,2.0,0.0,0.0
Amla-Phyllanthus emblica,Andhra Pradesh,1.15625,1.09375,0.4375
Amla-Phyllanthus emblica,Assam,1.0,1.0,1.5
Amla-Phyllanthus emblica,Chandigarh,1.3111111111111111,0.6222222222222222,0.7777777777777778
Amla-Phyllanthus emblica,Goa,1.31,0.38,0.67
Amla-Phyllanthus emblica,Karnataka,1.225,0.175,0.4375
Amla-Phyllanthus emblica,Kerala,1.1636616615455968,0.4318511218041626,0.3626297176647922
Amla-Phyllanthus emblica,Madhya Pradesh,0.9653725078698846,0.27177334732423925,0.06610703043022036
Amla-Phyllanthus emblica,Maharashtra,1.0,0.10526315789473684,0.10526315789473684
Amla-Phyllanthus emblica,Manipur,1.0,1.0,1.5
Amla-Phyllanthus emblica,Meghalaya,1.7010309278350515,0.28865979381443296,0.3711340206185567
Amla-Phyllanthus emblica,Nagaland,1.3333333333333333,0.6666666666666666,1.0
Amla-Phyllanthus emblica,Odisha,1.1666666666666667,0.16666666666666666,0.16666666666666666
Amla-Phyllanthus emblica,Puducherry,1.3333333333333333,0.4444444444444444,0.5555555555555556
Amla-Phyllanthus emblica,Punjab,0.5,0.0,1.0
Amla-Phyllanthus emblica,Rajasthan,1.3333333333333333,0.6666666666666666,0.1111111111111111
Amla-Phyllanthus emblica,Sikkim,0.9354838709677419,0.0,0.0
Amla-Phyllanthus emblica,Tamil Nadu,1.4944444444444445,0.7,0.6666666666666666
Amla-Phyllanthus emblica,Telangana,1.0,0.0,0.0
Amla-Phyllanthus emblica,Tripura,0.0,0.0,0.0
Amla-Phyllanthus emblica,Uttar Pradesh,2.0,1.6,1.0
Amla-Phyllanthus emblica,Uttarakhand,1.3962264150943395,0.018867924528301886,0.03773584905660377
Amla-Phyllanthus emblica,West Bengal,1.2,0.4,0.2
Banyan-Ficus benghalensis,Andhra Pradesh,0.7142857142857143,0.0,0.42857142857142855
Banyan-Ficus benghalensis,Assam,0.7012987012987013,0.2597402597402597,0.14285714285714285
Banyan-Ficus benghalensis,Bihar,1.0,0.0,0.0
Banyan-Ficus benghalensis,Chhattisgarh,2.0,0.0,0.0
Banyan-Ficus benghalensis,Delhi,0.6875,0.375,1.0833333333333333
Banyan-Ficus benghalensis,Goa,1.3181818181818181,0.09090909090909091,0.5454545454545454
Banyan-Ficus benghalensis,Haryana,0.6666666666666666,0.75,0.7083333333333334
Banyan-Ficus benghalensis,Himachal Pradesh,2.0,0.0,0.0
Banyan-Ficus benghalensis,Karnataka,1.320754716981132,0.5660377358490566,1.2075471698113207
Banyan-Ficus benghalensis,Kerala,1.1995094031071136,0.3041700735895339,0.5298446443172526
Banyan-Ficus benghalensis,Madhya Pradesh,0.6666666666666666,0.0,0.3333333333333333
Banyan-Ficus benghalensis,Maharashtra,0.6216216216216216,0.05405405405405406,1.1891891891891893
Banyan-Ficus benghalensis,Odisha,1.3846153846153846,0.0,0.38461538461538464
Banyan-Ficus benghalensis,Puducherry,0.5606060606060606,0.21212121212121213,0.3939393939393939
Banyan-Ficus benghalensis,Rajasthan,1.0,0.0,0.75
Banyan-Ficus benghalensis,Tamil Nadu,1.1933333333333334,0.16,0.41333333333333333
Banyan-Ficus benghalensis,Uttarakhand,1.0,1.0,0.0
Banyan-Ficus benghalensis,West Bengal,0.0,0.0,2.0
Chandada-Macaranga peltata,Gujarat,2.0,0.0,0.0
Chandada-Macaranga peltata,Karnataka,1.1428571428571428,0.42857142857142855,0.0
Chandada-Macaranga peltata,Kerala,1.0865152860586071,0.379424077127997,0.22212355702143854
Chandada-Macaranga peltata,Maharashtra,0.16666666666666666,0.5,0.3333333333333333
Chandada-Macaranga peltata,Meghalaya,2.0,0.0,0.0
Chandada-Macaranga peltata,Tamil Nadu,1.0,0.0,0.0
Chiku Sapodilla-Manilkara zapota,Andaman and Nicobar Islands,1.1764705882352942,0.5882352941176471,0.4117647058823529
Chiku Sapodilla-Manilkara zapota,Andhra Pradesh,2.0,1.125,2.0
Chiku Sapodilla-Manilkara zapota,Assam,1.0,0.0,1.0
Chiku Sapodilla-Manilkara zapota,Chhattisgarh,1.0,1.0,0.0
Chiku Sapodilla-Manilkara zapota,Delhi,1.0,0.0,0.0
Chiku Sapodilla-Manilkara zapota,Goa,1.5,1.0,0.9695121951219512
Chiku Sapodilla-Manilkara zapota,Jharkhand,2.0,0.0,0.5
Chiku Sapodilla-Manilkara zapota,Karnataka,0.424,0.488,0.432
Chiku Sapodilla-Manilkara zapota,Kerala,1.2148394241417497,0.7782392026578073,0.6506090808416389
Chiku Sapodilla-Manilkara zapota,Madhya Pradesh,1.0666666666666667,1.0666666666666667,0.4666666666666667
Chiku Sapodilla-Manilkara zapota,Maharashtra,1.435897435897436,0.7948717948717948,0.7692307692307693
Chiku Sapodilla-Manilkara zapota,Meghalaya,2.0,0.0,0.0
Chiku Sapodilla-Manilkara zapota,Puducherry,1.0,1.4444444444444444,0.2777777777777778
Chiku Sapodilla-Manilkara zapota,Punjab,0.0,0.0,0.0
Chiku Sapodilla-Manilkara zapota,Tamil Nadu,1.323076923076923,0.9846153846153847,0.6615384615384615
Chiku Sapodilla-Manilkara zapota,Telangana,0.42857142857142855,0.2857142857142857,0.14285714285714285
Chiku Sapodilla-Manilkara zapota,West Bengal,1.5,1.0,1.0
Coconut palm-Cocos nucifera,Andaman and Nicobar Islands,0.5588235294117647,0.5882352941176471,0.9411764705882353
Coconut palm-Cocos nucifera,Andhra Pradesh,1.0238095238095237,1.380952380952381,0.8809523809523809
Coconut palm-Cocos nucifera,Assam,1.0,0.5714285714285714,0.8571428571428571
Coconut palm-Cocos nucifera,Bihar,1.0,0.0,0.0
Coconut palm-Cocos nucifera,Chhattisgarh,0.75,0.0,0.0
Coconut palm-Cocos nucifera,Delhi,2.0,2.0,2.0
Coconut palm-Cocos nucifera,Goa,1.3180428134556574,0.8318042813455657,1.1039755351681957
Coconut palm-Cocos nucifera,Gujarat,1.6666666666666667,0.0,0.0
Coconut palm-Cocos nucifera,Jharkhand,1.5,0.0,0.16666666666666666
Coconut palm-Cocos nucifera,Karnataka,0.125,0.125,1.0
Coconut palm-Cocos nucifera,Kerala,1.0497280497280497,1.060464787737515,1.0288903016175743
Coconut palm-Cocos nucifera,Madhya Pradesh,1.1367521367521367,1.2820512820512822,0.9829059829059829
Coconut palm-Cocos nucifera,Maharashtra,0.7710843373493976,0.3373493975903614,0.8313253012048193
Coconut palm-Cocos nucifera,Odisha,1.1157894736842104,0.37894736842105264,0.4421052631578947
Coconut palm-Cocos nucifera,Puducherry,0.8166666666666667,0.85,1.0666666666666667
Coconut palm-Cocos nucifera,Rajasthan,1.0,0.0,0.0
Coconut palm-Cocos nucifera,Tamil Nadu,1.1440329218106995,0.7448559670781894,1.0411522633744856
Coconut palm-Cocos nucifera,Telangana,0.6,0.0,0.2
Coconut palm-Cocos nucifera,Tripura,2.0,2.0,0.0
Coconut palm-Cocos nucifera,Uttar Pradesh,0.0,0.0,0.0
Coconut palm-Cocos nucifera,West Bengal,0.8636363636363636,0.4772727272727273,0.6931818181818182
Copper-pod-Peltophorum pterocarpum,Andaman and Nicobar Islands,0.8333333333333334,0.16666666666666666,1.5
Copper-pod-Peltophorum pterocarpum,Andhra Pradesh,1.0476190476190477,0.047619047619047616,1.1904761904761905
Copper-pod-Peltophorum pterocarpum,Assam,0.0,0.0,2.0
Copper-pod-Peltophorum pterocarpum,Chhattisgarh,0.8888888888888888,0.8888888888888888,0.4444444444444444
Copper-pod-Peltophorum pterocarpum,Goa,1.3008130081300813,0.5203252032520326,1.3577235772357723
Copper-pod-Peltophorum pterocarpum,Gujarat,1.6428571428571428,1.0,0.5714285714285714
Copper-pod-Peltophorum pterocarpum,Karnataka,1.0337552742616034,0.8481012658227848,1.4345991561181435
Copper-pod-Peltophorum pterocarpum,Kerala,0.7943305186972256,0.6815440289505428,0.5135705669481303
Copper-pod-Peltophorum pterocarpum,Madhya Pradesh,1.3333333333333333,1.0,1.3333333333333333
Copper-pod-Peltophorum pterocarpum,Maharashtra,1.186046511627907,0.8081395348837209,0.9418604651162791
Copper-pod-Peltophorum pterocarpum,Meghalaya,2.0,0.0,0.0
Copper-pod-Peltophorum pterocarpum,Odisha,1.537037037037037,0.6296296296296297,0.8518518518518519
Copper-pod-Peltophorum pterocarpum,Puducherry,0.7733333333333333,1.16,0.96
Copper-pod-Peltophorum pterocarpum,Rajasthan,0.6666666666666666,1.3333333333333333,0.6666666666666666
Copper-pod-Peltophorum pterocarpum,Tamil Nadu,1.0187265917602997,0.797752808988764,0.797752808988764
Copper-pod-Peltophorum pterocarpum,Telangana,0.38235294117647056,0.8823529411764706,1.6176470588235294
Copper-pod-Peltophorum pterocarpum,Tripura,1.0,1.5,1.0
Copper-pod-Peltophorum pterocarpum,Uttar Pradesh,1.0,2.0,0.0
Copper-pod-Peltophorum pterocarpum,Uttarakhand,1.0,1.0,0.0
Copper-pod-Peltophorum pterocarpum,West Bengal,1.086021505376344,0.5376344086021505,1.3010752688172043
Country Fig-Ficus racemosa,Andhra Pradesh,0.0,0.0,1.0
Country Fig-Ficus racemosa,Delhi,1.0,0.0,0.0
Country Fig-Ficus racemosa,Karnataka,1.4101123595505618,0.033707865168539325,0.4157303370786517
Country Fig-Ficus racemosa,Kerala,1.1991446137396418,0.6046511627906976,0.8190323442929698
Country Fig-Ficus racemosa,Madhya Pradesh,1.0,0.0,0.35714285714285715
Country Fig-Ficus racemosa,Maharashtra,0.875,0.0,0.75
Country Fig-Ficus racemosa,Rajasthan,2.0,0.0,0.0
Country Fig-Ficus racemosa,Tamil Nadu,1.9054054054054055,0.47297297297297297,0.6621621621621622
Country Fig-Ficus racemosa,Uttar Pradesh,2.0,0.0,1.0
Country Fig-Ficus racemosa,West Bengal,1.5,0.0,1.25
Custard apple-Annona squamosa,Andaman and Nicobar Islands,0.0,0.0,0.0
Custard apple-Annona squamosa,Andhra Pradesh,0.4375,0.1875,0.25
Custard apple-Annona squamosa,Assam,2.0,1.0,1.0
Custard apple-Annona squamosa,Bihar,1.0,0.0,0.0
Custard apple-Annona squamosa,Chhattisgarh,0.875,0.125,0.0
Custard apple-Annona squamosa,Goa,1.3724489795918366,0.7397959183673469,0.9642857142857143
Custard apple-Annona squamosa,Gujarat,1.5,0.5,0.0
Custard apple-Annona squamosa,Haryana,2.0,1.0,1.0
Custard apple-Annona squamosa,Jharkhand,2.0,0.0,0.5
Custard apple-Annona squamosa,Karnataka,1.0,0.6923076923076923,0.8461538461538461
Custard apple-Annona squamosa,Kerala,1.1667488899851999,0.6369018253576715,0.4501726689689196
Custard apple-Annona squamosa,Madhya Pradesh,0.782608695652174,0.4891304347826087,0.21739130434782608
Custard apple-Annona squamosa,Maharashtra,1.1162790697674418,0.5813953488372093,0.16279069767441862
Custard apple-Annona squamosa,Odisha,1.0,0.25,0.0
Custard apple-Annona squamosa,Puducherry,1.082191780821918,0.6712328767123288,0.4657534246575342
Custard apple-Annona squamosa,Punjab,0.6666666666666666,0.8333333333333334,0.0
Custard apple-Annona squamosa,Rajasthan,0.0,0.0,0.0
Custard apple-Annona squamosa,Tamil Nadu,1.3028169014084507,0.7816901408450704,0.3028169014084507
Custard apple-Annona squamosa,Telangana,0.5555555555555556,0.1111111111111111,0.0
Custard apple-Annona squamosa,Tripura,2.0,0.0,0.0
Custard apple-Annona squamosa,Uttar Pradesh,0.5583333333333333,0.4,0.25
Custard apple-Annona squamosa,Uttarakhand,1.0,0.0,0.0
Custard apple-Annona squamosa,West Bengal,0.5714285714285714,0.14285714285714285,0.42857142857142855
Devil's Tree-Alstonia scholaris,Andhra Pradesh,0.0,2.0,0.0
Devil's Tree-Alstonia scholaris,Assam,1.3333333333333333,0.0,0.0
Devil's Tree-Alstonia scholaris,Chhattisgarh,2.0,0.0,0.0
Devil's Tree-Alstonia scholaris,Delhi,1.0,0.8,0.0
Devil's Tree-Alstonia scholaris,Goa,1.3333333333333333,0.7333333333333333,0.5666666666666667
Devil's Tree-Alstonia scholaris,Gujarat,0.8944444444444445,0.2388888888888889,0.016666666666666666
Devil's Tree-Alstonia scholaris,Haryana,0.5,0.0,0.0
Devil's Tree-Alstonia scholaris,Himachal Pradesh,1.1081081081081081,0.8648648648648649,0.02702702702702703
Devil's Tree-Alstonia scholaris,Jammu and Kashmir,2.0,0.0,2.0
Devil's Tree-Alstonia scholaris,Karnataka,0.024615384615384615,0.033846153846153845,0.08615384615384615
Devil's Tree-Alstonia scholaris,Kerala,1.1841187863137508,0.49283408650742416,0.3327307940606843
Devil's Tree-Alstonia scholaris,Madhya Pradesh,2.0,1.4838709677419355,0.7419354838709677
Devil's Tree-Alstonia scholaris,Maharashtra,1.04,0.4342857142857143,0.02857142857142857
Devil's Tree-Alstonia scholaris,Manipur,1.0,0.0,0.0
Devil's Tree-Alstonia scholaris,Meghalaya,2.0,0.0,0.0
Devil's Tree-Alstonia scholaris,Nagaland,2.0,0.0,0.0
Devil's Tree-Alstonia scholaris,Odisha,1.163265306122449,0.17687074829931973,0.1360544217687075
Devil's Tree-Alstonia scholaris,Puducherry,0.0,0.0,0.0
Devil's Tree-Alstonia scholaris,Punjab,1.1666666666666667,0.8333333333333334,0.3888888888888889
Devil's Tree-Alstonia scholaris,Rajasthan,1.0,0.2682926829268293,0.17073170731707318
Devil's Tree-Alstonia scholaris,Tamil Nadu,0.9666666666666667,0.8333333333333334,0.16666666666666666
Devil's Tree-Alstonia scholaris,Telangana,0.6363636363636364,0.12121212121212122,0.5757575757575758
Devil's Tree-Alstonia scholaris,Uttar Pradesh,0.5454545454545454,0.0,0.5454545454545454
Devil's Tree-Alstonia scholaris,West Bengal,0.8648648648648649,0.10810810810810811,0.43243243243243246
Drumstick tree-Moringa oleifera,Andaman and Nicobar Islands,1.3157894736842106,0.6052631578947368,0.39473684210526316
Drumstick tree-Moringa oleifera,Andhra Pradesh,1.2139303482587065,1.0348258706467661,0.39303482587064675
Drumstick tree-Moringa oleifera,Assam,0.0,2.0,0.0
Drumstick tree-Moringa oleifera,Chhattisgarh,1.0,1.0,1.5
Drumstick tree-Moringa oleifera,Delhi,1.0,0.8571428571428571,0.0
Drumstick tree-Moringa oleifera,Goa,1.953307392996109,0.9941634241245136,0.7023346303501945
Drumstick tree-Moringa oleifera,Gujarat,1.3333333333333333,0.3333333333333333,0.3333333333333333
Drumstick tree-Moringa oleifera,Jharkhand,0.0,0.0,0.0
Drumstick tree-Moringa oleifera,Karnataka,1.5285714285714285,1.3428571428571427,0.7571428571428571
Drumstick tree-Moringa oleifera,Kerala,1.1410859341598973,0.6314664386489953,0.22851646002565199
Drumstick tree-Moringa oleifera,Madhya Pradesh,1.4772727272727273,1.0454545454545454,0.3977272727272727
Drumstick tree-Moringa oleifera,Maharashtra,1.3402061855670102,0.4536082474226804,0.845360824742268
Drumstick tree-Moringa oleifera,Odisha,1.4556962025316456,0.5949367088607594,0.43037974683544306
Drumstick tree-Moringa oleifera,Puducherry,1.4222222222222223,0.9777777777777777,0.7333333333333333
Drumstick tree-Moringa oleifera,Punjab,2.0,0.0,0.0
Drumstick tree-Moringa oleifera,Rajasthan,0.8636363636363636,0.7272727272727273,1.1363636363636365
Drumstick tree-Moringa oleifera,Tamil Nadu,1.46875,1.134375,0.721875
Drumstick tree-Moringa oleifera,Telangana,0.6333333333333333,0.6666666666666666,0.7
Drumstick tree-Moringa oleifera,Tripura,1.0,1.0,0.0
Drumstick tree-Moringa oleifera,Uttarakhand,0.4,0.6,0.0
Drumstick tree-Moringa oleifera,West Bengal,1.7555555555555555,0.28888888888888886,0.24444444444444444
Gamar-Gmelina arborea,Assam,1.3,1.6,0.0
Gamar-Gmelina arborea,Gujarat,2.0,1.0,2.0
Gamar-Gmelina arborea,Himachal Pradesh,2.0,0.0,0.0
Gamar-Gmelina arborea,Karnataka,1.179245283018868,0.46226415094339623,0.16037735849056603
Gamar-Gmelina arborea,Kerala,1.1282209853638425,0.24118738404452691,0.14079571222428366
Gamar-Gmelina arborea,Lakshadweep,0.0,0.0,0.0
Gamar-Gmelina arborea,Madhya Pradesh,0.13636363636363635,0.045454545454545456,0.045454545454545456
Gamar-Gmelina arborea,Maharashtra,1.3333333333333333,0.047619047619047616,0.19047619047619047
Gamar-Gmelina arborea,Nagaland,1.6666666666666667,0.3333333333333333,0.0
Gamar-Gmelina arborea,Odisha,0.25,0.0,0.0
Gamar-Gmelina arborea,Puducherry,1.0,0.0,0.0
Gamar-Gmelina arborea,Rajasthan,1.0,0.0,0.0
Gamar-Gmelina arborea,Tamil Nadu,1.0,0.4230769230769231,0.09615384615384616
Gamar-Gmelina arborea,West Bengal,0.8,0.8,0.0
Guava tree-Psidium guajava,Andaman and Nicobar Islands,1.0675675675675675,0.16216216216216217,0.4189189189189189
Guava tree-Psidium guajava,Andhra Pradesh,1.103734439834025,1.0788381742738589,0.7261410788381742
Guava tree-Psidium guajava,Assam,0.65,0.3,0.05
Guava tree-Psidium guajava,Chhattisgarh,1.0,0.0,0.16666666666666666
Guava tree-Psidium guajava,Delhi,1.3333333333333333,0.6666666666666666,0.0
Guava tree-Psidium guajava,Goa,1.0984848484848484,0.7689393939393939,0.8295454545454546
Guava tree-Psidium guajava,Haryana,1.1764705882352942,1.1764705882352942,1.1764705882352942
Guava tree-Psidium guajava,Jharkhand,1.2142857142857142,0.8571428571428571,1.0
Guava tree-Psidium guajava,Karnataka,0.6046511627906976,0.4186046511627907,0.23255813953488372
Guava tree-Psidium guajava,Kerala,1.2302405498281788,0.6085223367697594,0.49237113402061855
Guava tree-Psidium guajava,Madhya Pradesh,0.9136490250696379,0.49303621169916434,0.34540389972144847
Guava tree-Psidium guajava,Maharashtra,1.25,0.5,0.34375
Guava tree-Psidium guajava,Manipur,1.6666666666666667,1.0,0.0
Guava tree-Psidium guajava,Meghalaya,1.4066666666666667,0.5866666666666667,0.25333333333333335
Guava tree-Psidium guajava,Nagaland,0.9583333333333334,0.16666666666666666,0.4583333333333333
Guava tree-Psidium guajava,Odisha,1.1139240506329113,0.31645569620253167,0.4050632911392405
Guava tree-Psidium guajava,Puducherry,1.1923076923076923,0.7692307692307693,0.38461538461538464
Guava tree-Psidium guajava,Punjab,2.0,0.0,1.0
Guava tree-Psidium guajava,Rajasthan,0.1111111111111111,0.0,0.4444444444444444
Guava tree-Psidium guajava,Sikkim,2.0,1.0,1.0
Guava tree-Psidium guajava,Tamil Nadu,1.3928571428571428,0.48214285714285715,0.4226190476190476
Guava tree-Psidium guajava,Telangana,1.0,0.4,0.0
Guava tree-Psidium guajava,Tripura,2.0,1.0,0.0
Guava tree-Psidium guajava,Uttar Pradesh,1.3636363636363635,0.22727272727272727,0.22727272727272727
Guava tree-Psidium guajava,Uttarakhand,1.150214592274678,0.12446351931330472,0.1459227467811159
Guava tree-Psidium guajava,West Bengal,1.3617021276595744,0.2765957446808511,0.3617021276595745
Gulmohur-Delonix regia,Andaman and Nicobar Islands,0.8529411764705882,0.3235294117647059,1.1470588235294117
Gulmohur-Delonix regia,Andhra Pradesh,0.8904109589041096,0.5753424657534246,0.5205479452054794
Gulmohur-Delonix regia,Assam,1.1818181818181819,0.2545454545454545,0.9818181818181818
Gulmohur-Delonix regia,Bihar,1.0,0.0,0.0
Gulmohur-Delonix regia,Chhattisgarh,1.3333333333333333,0.0,1.0
Gulmohur-Delonix regia,Delhi,1.078125,0.78125,0.59375
Gulmohur-Delonix regia,Goa,1.52,1.256,1.08
Gulmohur-Delonix regia,Gujarat,1.5833333333333333,0.8333333333333334,0.8333333333333334
Gulmohur-Delonix regia,Haryana,1.12,0.4,0.0
Gulmohur-Delonix regia,Himachal Pradesh,0.782608695652174,0.5652173913043478,0.5217391304347826
Gulmohur-Delonix regia,Karnataka,0.6363636363636364,0.5709090909090909,1.3490909090909091
Gulmohur-Delonix regia,Kerala,1.081461311549807,0.6670070342636715,0.48445654640344904
Gulmohur-Delonix regia,Madhya Pradesh,1.6818181818181819,0.13636363636363635,0.18181818181818182
Gulmohur-Delonix regia,Maharashtra,1.3350253807106598,0.5380710659898477,0.934010152284264
Gulmohur-Delonix regia,Manipur,0.2,0.0,1.6
Gulmohur-Delonix regia,Meghalaya,1.7096774193548387,0.43548387096774194,0.5913978494623656
Gulmohur-Delonix regia,Nagaland,2.0,0.5,0.5
Gulmohur-Delonix regia,Odisha,1.78,0.5266666666666666,0.84
Gulmohur-Delonix regia,Puducherry,1.2105263157894737,0.7719298245614035,0.9122807017543859
Gulmohur-Delonix regia,Punjab,1.75,1.0,0.25
Gulmohur-Delonix regia,Rajasthan,1.0,0.19047619047619047,0.19047619047619047
Gulmohur-Delonix regia,Sikkim,1.0769230769230769,0.6923076923076923,1.6153846153846154
Gulmohur-Delonix regia,Tamil Nadu,1.028436018957346,0.6172985781990521,0.5509478672985783
Gulmohur-Delonix regia,Telangana,0.41935483870967744,0.16129032258064516,0.8064516129032258
Gulmohur-Delonix regia,Uttar Pradesh,1.7619047619047619,0.9047619047619048,0.09523809523809523
Gulmohur-Delonix regia,Uttarakhand,1.5,0.0,0.0
Gulmohur-Delonix regia,West Bengal,1.308641975308642,1.0246913580246915,1.0864197530864197
Indian Almond-Terminalia catappa,Andaman and Nicobar Islands,0.8,0.5,0.1
Indian Almond-Terminalia catappa,Andhra Pradesh,1.4333333333333333,0.5666666666666667,0.5666666666666667
Indian Almond-Terminalia catappa,Goa,1.4387755102040816,0.8163265306122449,1.153061224489796
Indian Almond-Terminalia catappa,Gujarat,1.0,0.0,0.0
Indian Almond-Terminalia catappa,Karnataka,1.216867469879518,0.9939759036144579,0.4578313253012048
Indian Almond-Terminalia catappa,Kerala,1.1522577717267983,0.820739732244157,0.2965736328568187
Indian Almond-Terminalia catappa,Madhya Pradesh,0.6818181818181818,0.022727272727272728,0.3181818181818182
Indian Almond-Terminalia catappa,Maharashtra,0.9682539682539683,0.5079365079365079,0.23412698412698413
Indian Almond-Terminalia catappa,Nagaland,1.0,1.0,0.0
Indian Almond-Terminalia catappa,Odisha,1.2313432835820894,1.1567164179104477,0.26865671641791045
Indian Almond-Terminalia catappa,Puducherry,1.489795918367347,1.2448979591836735,0.8163265306122449
Indian Almond-Terminalia catappa,Rajasthan,0.5,0.5,1.0
Indian Almond-Terminalia catappa,Tamil Nadu,1.3306122448979592,0.7510204081632653,0.46530612244897956
Indian Almond-Terminalia catappa,Telangana,0.7142857142857143,0.42857142857142855,0.42857142857142855
Indian Almond-Terminalia catappa,West Bengal,1.0,0.16666666666666666,1.0833333333333333
Indian Laburnum-Cassia fistula,Andaman and Nicobar Islands,0.47368421052631576,0.2631578947368421,0.3157894736842105
Indian Laburnum-Cassia fistula,Andhra Pradesh,1.0434782608695652,0.43478260869565216,0.391304347826087
Indian Laburnum-Cassia fistula,Assam,0.6666666666666666,0.6,0.8666666666666667
Indian Laburnum-Cassia fistula,Bihar,0.8181818181818182,0.2727272727272727,2.0
Indian Laburnum-Cassia fistula,Chandigarh,0.75,0.25,0.0
Indian Laburnum-Cassia fistula,Chhattisgarh,0.0,0.0,2.0
Indian Laburnum-Cassia fistula,Dadra and Nagar Haveli,0.0,2.0,2.0
Indian Laburnum-Cassia fistula,Delhi,0.6,0.4,0.3333333333333333
Indian Laburnum-Cassia fistula,Goa,1.0581818181818181,0.6072727272727273,0.850909090909091
Indian Laburnum-Cassia fistula,Gujarat,1.2857142857142858,0.8571428571428571,0.8571428571428571
Indian Laburnum-Cassia fistula,Haryana,0.0,0.0,1.0
Indian Laburnum-Cassia fistula,Jharkhand,0.3333333333333333,0.3333333333333333,1.3333333333333333
Indian Laburnum-Cassia fistula,Karnataka,0.9375,0.3958333333333333,0.9583333333333334
Indian Laburnum-Cassia fistula,Kerala,0.9936468187720274,0.6803468744203301,0.48803561491374514
Indian Laburnum-Cassia fistula,Madhya Pradesh,0.5,0.42857142857142855,1.1428571428571428
Indian Laburnum-Cassia fistula,Maharashtra,1.3103448275862069,0.9051724137931034,0.9568965517241379
Indian Laburnum-Cassia fistula,Manipur,1.0,0.0,1.0
Indian Laburnum-Cassia fistula,Meghalaya,1.0,0.0,0.0
Indian Laburnum-Cassia fistula,Nagaland,1.5,0.5,0.0
Indian Laburnum-Cassia fistula,Odisha,1.1794871794871795,0.6923076923076923,0.7350427350427351
Indian Laburnum-Cassia fistula,Puducherry,1.0606060606060606,0.9696969696969697,1.0
Indian Laburnum-Cassia fistula,Punjab,2.0,1.5,0.5
Indian Laburnum-Cassia fistula,Rajasthan,0.7142857142857143,0.14285714285714285,0.14285714285714285
Indian Laburnum-Cassia fistula,Tamil Nadu,1.0598669623059866,0.7228381374722838,0.753880266075388
Indian Laburnum-Cassia fistula,Telangana,0.6875,0.375,0.75
Indian Laburnum-Cassia fistula,Tripura,0.0,0.0,0.0
Indian Laburnum-Cassia fistula,Uttar Pradesh,0.6666666666666666,0.6666666666666666,0.3333333333333333
Indian Laburnum-Cassia fistula,Uttarakhand,0.5526315789473685,0.07894736842105263,0.18421052631578946
Indian Laburnum-Cassia fistula,West Bengal,0.9655172413793104,0.5517241379310345,1.0
Jackfruit-Artocarpus heterophyllus,Andaman and Nicobar Islands,1.0,0.28690807799442897,0.06963788300835655
Jackfruit-Artocarpus heterophyllus,Andhra Pradesh,1.6956521739130435,1.173913043478261,1.2173913043478262
Jackfruit-Artocarpus heterophyllus,Assam,1.44,1.04,0.26
Jackfruit-Artocarpus heterophyllus,Bihar,1.0625,0.375,0.0
Jackfruit-Artocarpus heterophyllus,Chhattisgarh,0.8695652173913043,0.34782608695652173,0.6086956521739131
Jackfruit-Artocarpus heterophyllus,Delhi,2.0,1.5,0.25
Jackfruit-Artocarpus heterophyllus,Goa,1.5708502024291497,0.9311740890688259,0.5708502024291497
Jackfruit-Artocarpus heterophyllus,Gujarat,2.0,0.0,1.0
Jackfruit-Artocarpus heterophyllus,Himachal Pradesh,2.0,1.0,1.0
Jackfruit-Artocarpus heterophyllus,Jharkhand,0.8,0.4,0.2
Jackfruit-Artocarpus heterophyllus,Karnataka,1.1117216117216118,0.7216117216117216,0.6703296703296703
Jackfruit-Artocarpus heterophyllus,Kerala,1.1132145607094497,0.6151395268565967,0.4489021055146961
Jackfruit-Artocarpus heterophyllus,Lakshadweep,1.0,0.0,0.0
Jackfruit-Artocarpus heterophyllus,Madhya Pradesh,0.9451612903225807,0.3209677419354839,0.1
Jackfruit-Artocarpus heterophyllus,Maharashtra,1.1975308641975309,0.19753086419753085,0.37037037037037035
Jackfruit-Artocarpus heterophyllus,Manipur,1.6,1.4,0.0
Jackfruit-Artocarpus heterophyllus,Meghalaya,1.5271317829457365,0.8449612403100775,0.23255813953488372
Jackfruit-Artocarpus heterophyllus,Nagaland,1.2105263157894737,0.15789473684210525,0.2631578947368421
Jackfruit-Artocarpus heterophyllus,Odisha,1.0135135135135136,0.527027027027027,0.1891891891891892
Jackfruit-Artocarpus heterophyllus,Puducherry,1.0526315789473684,0.3684210526315789,0.2631578947368421
Jackfruit-Artocarpus heterophyllus,Rajasthan,1.0,0.5,0.25
Jackfruit-Artocarpus heterophyllus,Sikkim,0.3157894736842105,0.05263157894736842,0.05263157894736842
Jackfruit-Artocarpus heterophyllus,Tamil Nadu,1.3012048192771084,0.7590361445783133,0.39759036144578314
Jackfruit-Artocarpus heterophyllus,Telangana,1.2380952380952381,0.19047619047619047,0.14285714285714285
Jackfruit-Artocarpus heterophyllus,Tripura,2.0,2.0,0.0
Jackfruit-Artocarpus heterophyllus,Uttar Pradesh,1.4,0.8,0.6
Jackfruit-Artocarpus heterophyllus,Uttarakhand,1.3777777777777778,0.2,0.0
Jackfruit-Artocarpus heterophyllus,West Bengal,0.9538461538461539,0.3076923076923077,0.36923076923076925
Jamun-Syzygium cumini,Andaman and Nicobar Islands,0.8947368421052632,0.47368421052631576,0.6842105263157895
Jamun-Syzygium cumini,Andhra Pradesh,1.1917808219178083,0.6712328767123288,0.4292237442922374
Jamun-Syzygium cumini,Assam,1.3888888888888888,0.8333333333333334,0.0
Jamun-Syzygium cumini,Chandigarh,1.0,0.0,0.0
Jamun-Syzygium cumini,Chhattisgarh,0.5,0.25,0.25
Jamun-Syzygium cumini,Delhi,1.375,0.5546875,0.421875
Jamun-Syzygium cumini,Goa,1.0491803278688525,0.7377049180327869,0.6885245901639344
Jamun-Syzygium cumini,Haryana,1.0,0.0,0.0
Jamun-Syzygium cumini,Himachal Pradesh,0.0,0.0,0.0
Jamun-Syzygium cumini,Jharkhand,0.0,0.0,0.0
Jamun-Syzygium cumini,Karnataka,0.9703389830508474,0.2288135593220339,0.1016949152542373
Jamun-Syzygium cumini,Kerala,1.1229960078575503,0.4037133261517014,0.2625308915784805
Jamun-Syzygium cumini,Madhya Pradesh,0.8804523424878837,0.2084006462035541,0.1098546042003231
Jamun-Syzygium cumini,Maharashtra,0.9171270718232044,0.1712707182320442,0.19889502762430938
Jamun-Syzygium cumini,Manipur,1.0,0.0,0.0
Jamun-Syzygium cumini,Meghalaya,1.3333333333333333,0.2222222222222222,0.4027777777777778
Jamun-Syzygium cumini,Nagaland,1.3333333333333333,1.3333333333333333,0.0
Jamun-Syzygium cumini,Odisha,1.2727272727272727,0.3181818181818182,0.3181818181818182
Jamun-Syzygium cumini,Puducherry,1.2,1.05,0.9
Jamun-Syzygium cumini,Punjab,0.5,0.0,0.0
Jamun-Syzygium cumini,Rajasthan,0.95,0.0,0.1
Jamun-Syzygium cumini,Tamil Nadu,1.2022160664819945,0.25761772853185594,0.15789473684210525
Jamun-Syzygium cumini,Telangana,0.15625,0.0625,0.09375
Jamun-Syzygium cumini,Tripura,0.0,0.0,0.0
Jamun-Syzygium cumini,Uttar Pradesh,1.1162790697674418,0.27906976744186046,0.046511627906976744
Jamun-Syzygium cumini,Uttarakhand,1.5473251028806585,0.24691358024691357,0.09876543209876543
Jamun-Syzygium cumini,West Bengal,1.3103448275862069,0.10344827586206896,0.8275862068965517
Mango (all varieties)-Mangifera indica,Andaman and Nicobar Islands,0.5689655172413793,0.6206896551724138,0.1724137931034483
Mango (all varieties)-Mangifera indica,Andhra Pradesh,0.7931034482758621,0.6275862068965518,0.45517241379310347
Mango (all varieties)-Mangifera indica,Assam,1.3129770992366412,0.2595419847328244,0.1297709923664122
Mango (all varieties)-Mangifera indica,Bihar,1.375,0.5,0.0
Mango (all varieties)-Mangifera indica,Chandigarh,1.6285714285714286,1.0285714285714285,0.9428571428571428
Mango (all varieties)-Mangifera indica,Chhattisgarh,0.8604651162790697,0.2558139534883721,0.06976744186046512
Mango (all varieties)-Mangifera indica,Dadra and Nagar Haveli,1.0,2.0,0.0
Mango (all varieties)-Mangifera indica,Delhi,0.9743589743589743,0.6410256410256411,0.4230769230769231
Mango (all varieties)-Mangifera indica,Goa,1.4927536231884058,1.108695652173913,0.391304347826087
Mango (all varieties)-Mangifera indica,Gujarat,1.0,0.25,0.0
Mango (all varieties)-Mangifera indica,Haryana,1.0,0.0,2.0
Mango (all varieties)-Mangifera indica,Himachal Pradesh,1.0612244897959184,0.5918367346938775,0.22448979591836735
Mango (all varieties)-Mangifera indica,Jharkhand,1.3333333333333333,0.1111111111111111,0.2222222222222222
Mango (all varieties)-Mangifera indica,Karnataka,0.9971988795518207,0.3137254901960784,0.11764705882352941
Mango (all varieties)-Mangifera indica,Kerala,0.9673713931547414,0.5509262447489842,0.31515735830865643
Mango (all varieties)-Mangifera indica,Madhya Pradesh,0.7992982456140351,0.3775438596491228,0.24771929824561403
Mango (all varieties)-Mangifera indica,Maharashtra,1.004739336492891,0.41706161137440756,0.17061611374407584
Mango (all varieties)-Mangifera indica,Manipur,0.7142857142857143,1.1428571428571428,0.0
Mango (all varieties)-Mangifera indica,Meghalaya,1.5348837209302326,0.2558139534883721,0.09302325581395349
Mango (all varieties)-Mangifera indica,Nagaland,1.0357142857142858,0.2857142857142857,0.14285714285714285
Mango (all varieties)-Mangifera indica,Odisha,1.1264822134387351,0.4308300395256917,0.15019762845849802
Mango (all varieties)-Mangifera indica,Puducherry,1.1551724137931034,0.8362068965517241,0.2672413793103448
Mango (all varieties)-Mangifera indica,Punjab,1.4545454545454546,0.05454545454545454,0.03636363636363636
Mango (all varieties)-Mangifera indica,Rajasthan,0.8214285714285714,0.8571428571428571,0.0
Mango (all varieties)-Mangifera indica,Sikkim,0.23636363636363636,0.12727272727272726,0.03636363636363636
Mango (all varieties)-Mangifera indica,Tamil Nadu,1.274468085106383,0.6191489361702127,0.3553191489361702
Mango (all varieties)-Mangifera indica,Telangana,0.9375,0.6875,0.0
Mango (all varieties)-Mangifera indica,Tripura,0.0,1.0,0.0
Mango (all varieties)-Mangifera indica,Uttar Pradesh,0.8888888888888888,0.3888888888888889,0.14814814814814814
Mango (all varieties)-Mangifera indica,Uttarakhand,1.2240802675585285,0.3745819397993311,0.11371237458193979
Mango (all varieties)-Mangifera indica,West Bengal,1.0599078341013826,0.15668202764976957,0.10599078341013825
Maulsari-Mimusops elengi,Andaman and Nicobar Islands,1.2075471698113207,0.49056603773584906,0.5849056603773585
Maulsari-Mimusops elengi,Andhra Pradesh,1.0,1.0,1.0
Maulsari-Mimusops elengi,Assam,0.8055555555555556,0.3611111111111111,0.6388888888888888
Maulsari-Mimusops elengi,Delhi,1.0,1.0,2.0
Maulsari-Mimusops elengi,Goa,0.8888888888888888,0.7777777777777778,1.6666666666666667
Maulsari-Mimusops elengi,Gujarat,1.6666666666666667,1.3333333333333333,0.6666666666666666
Maulsari-Mimusops elengi,Karnataka,0.6875,0.6875,0.125
Maulsari-Mimusops elengi,Kerala,1.0520841667333387,0.8099047923833906,0.6454116329306344
Maulsari-Mimusops elengi,Madhya Pradesh,0.7837837837837838,0.43243243243243246,0.3783783783783784
Maulsari-Mimusops elengi,Maharashtra,1.0,0.9375,0.375
Maulsari-Mimusops elengi,Manipur,1.0,1.0,0.5
Maulsari-Mimusops elengi,Odisha,1.4597701149425288,0.5172413793103449,0.034482758620689655
Maulsari-Mimusops elengi,Puducherry,1.0869565217391304,1.3478260869565217,0.4782608695652174
Maulsari-Mimusops elengi,Rajasthan,1.1428571428571428,1.4285714285714286,0.5714285714285714
Maulsari-Mimusops elengi,Tamil Nadu,1.0921052631578947,0.8026315789473685,0.27631578947368424
Maulsari-Mimusops elengi,Telangana,0.5,0.0,0.5
Maulsari-Mimusops elengi,Uttar Pradesh,0.9166666666666666,0.0,0.6666666666666666
Maulsari-Mimusops elengi,West Bengal,0.8,0.8,0.0
Neem-Azadirachta indica,Andaman and Nicobar Islands,1.0454545454545454,0.18181818181818182,0.0
Neem-Azadirachta indica,Andhra Pradesh,0.900709219858156,0.5602836879432624,0.31678486997635935
Neem-Azadirachta indica,Assam,0.9382716049382716,0.12345679012345678,0.012345679012345678
Neem-Azadirachta indica,Bihar,1.3225806451612903,0.5483870967741935,0.03225806451612903
Neem-Azadirachta indica,Chandigarh,0.5,0.0,0.0
Neem-Azadirachta indica,Chhattisgarh,0.8787878787878788,1.0,0.30303030303030304
Neem-Azadirachta indica,Delhi,1.3333333333333333,0.1111111111111111,0.0
Neem-Azadirachta indica,Goa,1.608695652173913,0.7608695652173914,0.7463768115942029
Neem-Azadirachta indica,Gujarat,1.5714285714285714,0.19047619047619047,0.047619047619047616
Neem-Azadirachta indica,Haryana,1.0,0.5454545454545454,0.5454545454545454
Neem-Azadirachta indica,Himachal Pradesh,0.8055555555555556,0.2222222222222222,0.1388888888888889
Neem-Azadirachta indica,Jammu and Kashmir,2.0,0.0,0.0
Neem-Azadirachta indica,Jharkhand,1.75,0.25,0.5
Neem-Azadirachta indica,Karnataka,1.0489731437598737,0.3412322274881517,0.0679304897314376
Neem-Azadirachta indica,Kerala,1.1792090395480226,0.1896045197740113,0.11468926553672316
Neem-Azadirachta indica,Madhya Pradesh,0.8757763975155279,0.2329192546583851,0.38198757763975155
Neem-Azadirachta indica,Maharashtra,1.298913043478261,0.33152173913043476,0.22554347826086957
Neem-Azadirachta indica,Manipur,1.0,1.0,0.0
Neem-Azadirachta indica,Meghalaya,2.0,1.0,0.5
Neem-Azadirachta indica,Odisha,1.4189189189189189,0.3783783783783784,0.14864864864864866
Neem-Azadirachta indica,Puducherry,1.4186046511627908,0.8992248062015504,0.17829457364341086
Neem-Azadirachta indica,Punjab,1.25,0.7916666666666666,0.375
Neem-Azadirachta indica,Rajasthan,0.927007299270073,0.31386861313868614,0.16058394160583941
Neem-Azadirachta indica,Tamil Nadu,1.339375629405841,0.5110775427995972,0.22205438066465258
Neem-Azadirachta indica,Telangana,0.43243243243243246,0.25675675675675674,0.14864864864864866
Neem-Azadirachta indica,Tripura,2.0,0.0,2.0
Neem-Azadirachta indica,Uttar Pradesh,0.8888888888888888,0.2222222222222222,0.0
Neem-Azadirachta indica,Uttarakhand,1.2595419847328244,0.2900763358778626,0.19083969465648856
Neem-Azadirachta indica,West Bengal,1.1261261261261262,0.09009009009009009,0.36936936936936937
Peepal-Ficus religiosa,Andhra Pradesh,0.569620253164557,0.5569620253164557,0.759493670886076
Peepal-Ficus religiosa,Assam,0.8,0.1,0.03333333333333333
Peepal-Ficus religiosa,Chhattisgarh,0.6666666666666666,0.3333333333333333,0.3333333333333333
Peepal-Ficus religiosa,Delhi,0.0,0.0,0.0
Peepal-Ficus religiosa,Goa,1.6521739130434783,0.0,0.21739130434782608
Peepal-Ficus religiosa,Gujarat,1.1428571428571428,0.0,0.14285714285714285
Peepal-Ficus religiosa,Haryana,0.8,0.0,0.8
Peepal-Ficus religiosa,Himachal Pradesh,1.25,0.0,0.875
Peepal-Ficus religiosa,Karnataka,0.5481727574750831,0.0,0.029900332225913623
Peepal-Ficus religiosa,Kerala,1.1191304347826088,0.2142608695652174,0.25043478260869567
Peepal-Ficus religiosa,Madhya Pradesh,1.1851851851851851,0.0,0.3148148148148148
Peepal-Ficus religiosa,Maharashtra,1.04,0.0,0.048
Peepal-Ficus religiosa,Odisha,2.0,0.0,0.0
Peepal-Ficus religiosa,Puducherry,2.0,0.0,0.0
Peepal-Ficus religiosa,Punjab,0.7619047619047619,0.2857142857142857,0.2857142857142857
Peepal-Ficus religiosa,Rajasthan,1.3333333333333333,0.0,0.0
Peepal-Ficus religiosa,Sikkim,0.6910569105691057,0.3333333333333333,0.3089430894308943
Peepal-Ficus religiosa,Tamil Nadu,1.1068702290076335,0.03816793893129771,0.03816793893129771
Peepal-Ficus religiosa,Telangana,1.0,0.0,0.0
Peepal-Ficus religiosa,Uttar Pradesh,2.0,0.0,0.0
Peepal-Ficus religiosa,Uttarakhand,1.0,0.0,0.0
Pongam Tree-Pongamia pinnata,Andaman and Nicobar Islands,0.5047021943573667,0.0438871473354232,0.07836990595611286
Pongam Tree-Pongamia pinnata,Andhra Pradesh,1.0096153846153846,0.8493589743589743,0.375
Pongam Tree-Pongamia pinnata,Assam,0.4,0.0,1.6
Pongam Tree-Pongamia pinnata,Chandigarh,1.0,0.3333333333333333,0.0
Pongam Tree-Pongamia pinnata,Chhattisgarh,2.0,0.0,0.0
Pongam Tree-Pongamia pinnata,Goa,2.0,0.6666666666666666,0.0
Pongam Tree-Pongamia pinnata,Gujarat,1.7741935483870968,0.45161290322580644,0.6129032258064516
Pongam Tree-Pongamia pinnata,Haryana,0.6956521739130435,0.08695652173913043,0.0
Pongam Tree-Pongamia pinnata,Karnataka,0.6845238095238095,0.4017857142857143,0.3611111111111111
Pongam Tree-Pongamia pinnata,Kerala,1.0586656441717792,0.30099693251533743,0.2356211656441718
Pongam Tree-Pongamia pinnata,Madhya Pradesh,0.6363636363636364,0.5454545454545454,0.45454545454545453
Pongam Tree-Pongamia pinnata,Maharashtra,1.23,0.19,0.15
Pongam Tree-Pongamia pinnata,Meghalaya,1.5,2.0,0.0
Pongam Tree-Pongamia pinnata,Odisha,1.2518518518518518,0.3925925925925926,0.28888888888888886
Pongam Tree-Pongamia pinnata,Puducherry,1.0,0.6818181818181818,0.19696969696969696
Pongam Tree-Pongamia pinnata,Punjab,1.0,1.0,0.0
Pongam Tree-Pongamia pinnata,Rajasthan,0.7857142857142857,0.21428571428571427,0.10714285714285714
Pongam Tree-Pongamia pinnata,Tamil Nadu,1.220030349013657,0.5553869499241275,0.15174506828528073
Pongam Tree-Pongamia pinnata,Telangana,0.7,0.5333333333333333,1.5333333333333334
Pongam Tree-Pongamia pinnata,Uttar Pradesh,1.8888888888888888,0.3333333333333333,0.2777777777777778
Pongam Tree-Pongamia pinnata,Uttarakhand,1.105263157894737,0.21052631578947367,0.05263157894736842
Pongam Tree-Pongamia pinnata,West Bengal,0.7586206896551724,0.034482758620689655,0.20689655172413793
Pride of India-Lagerstroemia speciosa,Andaman and Nicobar Islands,0.5,1.0,0.0
Pride of India-Lagerstroemia speciosa,Assam,0.625,0.5,0.0
Pride of India-Lagerstroemia speciosa,Chandigarh,2.0,1.0,0.0
Pride of India-Lagerstroemia speciosa,Chhattisgarh,2.0,1.0,1.0
Pride of India-Lagerstroemia speciosa,Gujarat,1.6666666666666667,0.8888888888888888,0.6666666666666666
Pride of India-Lagerstroemia speciosa,Himachal Pradesh,1.0,1.0,0.0
Pride of India-Lagerstroemia speciosa,Jharkhand,1.0,0.0,2.0
Pride of India-Lagerstroemia speciosa,Karnataka,1.0476190476190477,1.0,0.782312925170068
Pride of India-Lagerstroemia speciosa,Kerala,1.1036942675159236,0.7773248407643312,0.793375796178344
Pride of India-Lagerstroemia speciosa,Madhya Pradesh,0.7203389830508474,0.1271186440677966,0.288135593220339
Pride of India-Lagerstroemia speciosa,Maharashtra,1.0227272727272727,0.5378787878787878,0.4696969696969697
Pride of India-Lagerstroemia speciosa,Meghalaya,1.92,1.44,0.16
Pride of India-Lagerstroemia speciosa,Odisha,1.6,1.2,0.4
Pride of India-Lagerstroemia speciosa,Sikkim,0.6666666666666666,0.5,0.7916666666666666
Pride of India-Lagerstroemia speciosa,Tamil Nadu,1.1730769230769231,0.8846153846153846,0.4230769230769231
Pride of India-Lagerstroemia speciosa,Telangana,1.0,0.5,0.0
Pride of India-Lagerstroemia speciosa,Uttarakhand,1.3333333333333333,0.0,1.3333333333333333
Pride of India-Lagerstroemia speciosa,West Bengal,0.9574468085106383,1.0,1.0212765957446808
Purple Bauhinia-Bauhinia purpurea,Andhra Pradesh,1.0,1.3333333333333333,0.6666666666666666
Purple Bauhinia-Bauhinia purpurea,Assam,0.0,0.0,0.5
Purple Bauhinia-Bauhinia purpurea,Dadra and Nagar Haveli,1.0,0.0,0.0
Purple Bauhinia-Bauhinia purpurea,Delhi,2.0,0.0,0.0
Purple Bauhinia-Bauhinia purpurea,Goa,2.0,0.5,0.0
Purple Bauhinia-Bauhinia purpurea,Gujarat,1.6666666666666667,0.3333333333333333,0.7142857142857143
Purple Bauhinia-Bauhinia purpurea,Jharkhand,1.0,1.0,1.0
Purple Bauhinia-Bauhinia purpurea,Karnataka,0.8080808080808081,0.6212121212121212,0.702020202020202
Purple Bauhinia-Bauhinia purpurea,Kerala,1.0413468680366427,0.9103738549145828,0.547412725922258
Purple Bauhinia-Bauhinia purpurea,Madhya Pradesh,0.7333333333333333,0.8666666666666667,0.26666666666666666
Purple Bauhinia-Bauhinia purpurea,Maharashtra,0.7761194029850746,0.46766169154228854,0.3482587064676617
Purple Bauhinia-Bauhinia purpurea,Manipur,0.5,0.25,1.5
Purple Bauhinia-Bauhinia purpurea,Meghalaya,2.0,0.1,0.43333333333333335
Purple Bauhinia-Bauhinia purpurea,Odisha,1.4285714285714286,0.2857142857142857,0.0
Purple Bauhinia-Bauhinia purpurea,Puducherry,0.9285714285714286,0.5,1.2142857142857142
Purple Bauhinia-Bauhinia purpurea,Punjab,0.0,1.0,0.0
Purple Bauhinia-Bauhinia purpurea,Rajasthan,0.29411764705882354,0.7647058823529411,0.0
Purple Bauhinia-Bauhinia purpurea,Tamil Nadu,0.8145695364238411,0.36423841059602646,0.18543046357615894
Purple Bauhinia-Bauhinia purpurea,Telangana,0.2972972972972973,0.5405405405405406,0.13513513513513514
Purple Bauhinia-Bauhinia purpurea,Uttar Pradesh,0.0,0.5,1.0
Purple Bauhinia-Bauhinia purpurea,Uttarakhand,0.37142857142857144,0.02857142857142857,0.05714285714285714
Purple Bauhinia-Bauhinia purpurea,West Bengal,1.2272727272727273,1.0454545454545454,0.5
Rain tree-Albizia saman,Andaman and Nicobar Islands,0.9596774193548387,0.08870967741935484,0.08064516129032258
Rain tree-Albizia saman,Andhra Pradesh,1.0,1.0606060606060606,0.5757575757575758
Rain tree-Albizia saman,Arunachal Pradesh,1.0,1.0,0.0
Rain tree-Albizia saman,Assam,1.5238095238095237,0.3333333333333333,0.5238095238095238
Rain tree-Albizia saman,Chhattisgarh,2.0,1.0,0.0
Rain tree-Albizia saman,Goa,1.75,1.25,0.15
Rain tree-Albizia saman,Gujarat,1.5555555555555556,0.8888888888888888,1.2222222222222223
Rain tree-Albizia saman,Karnataka,0.496,0.49,0.182
Rain tree-Albizia saman,Kerala,1.1894493290143453,0.946321147616844,0.43396575659416936
Rain tree-Albizia saman,Madhya Pradesh,1.4285714285714286,1.0,0.14285714285714285
Rain tree-Albizia saman,Maharashtra,1.3835616438356164,0.952054794520548,0.4178082191780822
Rain tree-Albizia saman,Meghalaya,1.5555555555555556,0.3611111111111111,0.2222222222222222
Rain tree-Albizia saman,Odisha,1.5,1.0,0.5
Rain tree-Albizia saman,Puducherry,1.3253012048192772,0.8674698795180723,0.6024096385542169
Rain tree-Albizia saman,Rajasthan,2.0,1.75,0.75
Rain tree-Albizia saman,Tamil Nadu,1.415282392026578,0.9833887043189369,0.3588039867109635
Rain tree-Albizia saman,Telangana,0.6923076923076923,0.6538461538461539,0.5384615384615384
Rain tree-Albizia saman,Uttar Pradesh,1.1555555555555554,0.7777777777777778,0.1111111111111111
Rain tree-Albizia saman,West Bengal,1.3636363636363635,1.2727272727272727,0.0
Red Silk Cotton-Bombax ceiba,Andaman and Nicobar Islands,0.0,1.5,0.0
Red Silk Cotton-Bombax ceiba,Andhra Pradesh,0.0,2.0,0.0
Red Silk Cotton-Bombax ceiba,Assam,0.4461538461538462,1.1384615384615384,0.18461538461538463
Red Silk Cotton-Bombax ceiba,Chhattisgarh,0.3333333333333333,1.8333333333333333,0.3333333333333333
Red Silk Cotton-Bombax ceiba,Delhi,0.8888888888888888,0.5555555555555556,0.0
Red Silk Cotton-Bombax ceiba,Goa,1.1166666666666667,0.7833333333333333,0.9333333333333333
Red Silk Cotton-Bombax ceiba,Gujarat,0.0,0.3333333333333333,0.0
Red Silk Cotton-Bombax ceiba,Haryana,0.0,1.0,0.0
Red Silk Cotton-Bombax ceiba,Himachal Pradesh,0.5,0.0,1.0
Red Silk Cotton-Bombax ceiba,Jharkhand,0.5,0.25,0.0
Red Silk Cotton-Bombax ceiba,Karnataka,0.3,0.35,0.35
Red Silk Cotton-Bombax ceiba,Kerala,0.976595355640885,0.6655695739623332,0.4615103309562991
Red Silk Cotton-Bombax ceiba,Madhya Pradesh,0.3902439024390244,0.7804878048780488,0.0975609756097561
Red Silk Cotton-Bombax ceiba,Maharashtra,0.5,0.55,0.2625
Red Silk Cotton-Bombax ceiba,Manipur,1.0,1.0,0.0
Red Silk Cotton-Bombax ceiba,Meghalaya,1.5,0.0,0.0
Red Silk Cotton-Bombax ceiba,Nagaland,0.4,0.8,0.0
Red Silk Cotton-Bombax ceiba,Odisha,0.36363636363636365,0.6363636363636364,0.0
Red Silk Cotton-Bombax ceiba,Puducherry,1.2,0.2,0.0
Red Silk Cotton-Bombax ceiba,Rajasthan,0.23529411764705882,0.8235294117647058,0.0
Red Silk Cotton-Bombax ceiba,Sikkim,2.0,0.0,0.0
Red Silk Cotton-Bombax ceiba,Tamil Nadu,0.7333333333333333,0.5333333333333333,0.13333333333333333
Red Silk Cotton-Bombax ceiba,Telangana,0.0,0.0,0.0
Red Silk Cotton-Bombax ceiba,Tripura,0.0,1.0,2.0
Red Silk Cotton-Bombax ceiba,Uttar Pradesh,1.56,0.16,0.24
Red Silk Cotton-Bombax ceiba,Uttarakhand,1.1527777777777777,0.2638888888888889,0.041666666666666664
Red Silk Cotton-Bombax ceiba,West Bengal,0.46511627906976744,0.2558139534883721,0.06976744186046512
Tamarind-Tamarindus indica,Andaman and Nicobar Islands,0.5813953488372093,0.22093023255813954,0.26744186046511625
Tamarind-Tamarindus indica,Andhra Pradesh,0.9185185185185185,0.8666666666666667,0.562962962962963
Tamarind-Tamarindus indica,Assam,1.0,0.0,1.0
Tamarind-Tamarindus indica,Chhattisgarh,1.0,0.5,0.5
Tamarind-Tamarindus indica,Delhi,0.5,0.0,0.0
Tamarind-Tamarindus indica,Goa,1.2185792349726776,0.7158469945355191,1.2349726775956285
Tamarind-Tamarindus indica,Gujarat,1.25,0.0,1.0
Tamarind-Tamarindus indica,Karnataka,1.112,0.52,1.032
Tamarind-Tamarindus indica,Kerala,1.0536687287475932,0.4497931090991028,0.5938793068130608
Tamarind-Tamarindus indica,Madhya Pradesh,1.0443037974683544,0.5189873417721519,0.7088607594936709
Tamarind-Tamarindus indica,Maharashtra,1.046875,0.171875,0.859375
Tamarind-Tamarindus indica,Manipur,0.0,0.0,0.0
Tamarind-Tamarindus indica,Meghalaya,1.0952380952380953,0.19047619047619047,0.0
Tamarind-Tamarindus indica,Odisha,0.8840579710144928,0.36231884057971014,0.7971014492753623
Tamarind-Tamarindus indica,Puducherry,1.3333333333333333,0.7777777777777778,0.7777777777777778
Tamarind-Tamarindus indica,Rajasthan,1.0952380952380953,0.6190476190476191,0.5714285714285714
Tamarind-Tamarindus indica,Tamil Nadu,1.0086580086580086,0.5367965367965368,1.0064935064935066
Tamarind-Tamarindus indica,Telangana,0.20689655172413793,0.034482758620689655,0.4482758620689655
Tamarind-Tamarindus indica,Uttar Pradesh,2.0,0.0,2.0
Tamarind-Tamarindus indica,Uttarakhand,1.6666666666666667,0.0,1.0
Tamarind-Tamarindus indica,West Bengal,0.7692307692307693,0.15384615384615385,0.46153846153846156
Teak-Tectona grandis,Andaman and Nicobar Islands,0.48148148148148145,0.16666666666666666,0.6296296296296297
Teak-Tectona grandis,Andhra Pradesh,1.005952380952381,1.119047619047619,0.9702380952380952
Teak-Tectona grandis,Arunachal Pradesh,1.0,2.0,0.0
Teak-Tectona grandis,Assam,0.45454545454545453,0.36363636363636365,0.8181818181818182
Teak-Tectona grandis,Chhattisgarh,0.5,0.0,0.0
Teak-Tectona grandis,Goa,0.8957055214723927,0.4723926380368098,0.5276073619631901
Teak-Tectona grandis,Gujarat,1.0,1.0,2.0
Teak-Tectona grandis,Jharkhand,2.0,0.5,1.0
Teak-Tectona grandis,Karnataka,0.9166666666666666,0.8958333333333334,0.4583333333333333
Teak-Tectona grandis,Kerala,1.0412014536538376,0.5977494636367616,0.4749332282499234
Teak-Tectona grandis,Madhya Pradesh,0.43103448275862066,0.3103448275862069,1.3620689655172413
Teak-Tectona grandis,Maharashtra,0.5223880597014925,0.47761194029850745,0.3582089552238806
Teak-Tectona grandis,Manipur,0.0,0.0,1.0
Teak-Tectona grandis,Meghalaya,1.0,0.40384615384615385,0.2692307692307692
Teak-Tectona grandis,Nagaland,1.0,0.5,1.5
Teak-Tectona grandis,Odisha,1.0740740740740742,0.5185185185185185,0.2962962962962963
Teak-Tectona grandis,Puducherry,0.75,0.21153846153846154,0.6153846153846154
Teak-Tectona grandis,Rajasthan,0.5,0.0,1.5
Teak-Tectona grandis,Tamil Nadu,1.2064777327935223,0.708502024291498,0.46558704453441296
Teak-Tectona grandis,Telangana,0.6206896551724138,0.0,0.5862068965517241
Teak-Tectona grandis,Tripura,1.0,0.0,1.0
Teak-Tectona grandis,Uttar Pradesh,2.0,1.0,1.0
Teak-Tectona grandis,Uttarakhand,0.8488372093023255,0.29069767441860467,0.4883720930232558
Teak-Tectona grandis,West Bengal,1.0408163265306123,0.4897959183673469,0.7346938775510204
True Ashoka-Saraca asoca,Andaman and Nicobar Islands,0.7,0.1,0.0
True Ashoka-Saraca asoca,Andhra Pradesh,0.5,0.0,0.0
True Ashoka-Saraca asoca,Assam,1.0,1.0,0.0
True Ashoka-Saraca asoca,Chhattisgarh,1.0,0.0,0.0
True Ashoka-Saraca asoca,Delhi,0.6764705882352942,0.0,0.0
True Ashoka-Saraca asoca,Goa,2.0,1.0909090909090908,0.0
True Ashoka-Saraca asoca,Gujarat,1.125,1.0,0.25
True Ashoka-Saraca asoca,Karnataka,0.7857142857142857,0.8333333333333334,0.4523809523809524
True Ashoka-Saraca asoca,Kerala,1.0960058629534628,0.8209356296567729,0.39122999877855136
True Ashoka-Saraca asoca,Madhya Pradesh,0.6428571428571429,0.35714285714285715,0.14285714285714285
True Ashoka-Saraca asoca,Maharashtra,1.2755102040816326,0.37755102040816324,0.2755102040816326
True Ashoka-Saraca asoca,Nagaland,2.0,0.0,0.0
True Ashoka-Saraca asoca,Odisha,1.4,1.4,0.6
True Ashoka-Saraca asoca,Rajasthan,0.8,0.6,0.2
True Ashoka-Saraca asoca,Tamil Nadu,1.4545454545454546,0.12121212121212122,0.030303030303030304
True Ashoka-Saraca asoca,Telangana,0.8888888888888888,0.1111111111111111,0.6666666666666666
True Ashoka-Saraca asoca,Uttar Pradesh,1.0,0.0,0.0
True Ashoka-Saraca asoca,Uttarakhand,0.0,0.0,0.0
True Ashoka-Saraca asoca,West Bengal,1.3333333333333333,0.6666666666666666,0.0
Wood Apple-Aegle marmelos,Andaman and Nicobar Islands,0.8181818181818182,0.09090909090909091,0.22727272727272727
Wood Apple-Aegle marmelos,Assam,1.125,0.4375,0.375
Wood Apple-Aegle marmelos,Chhattisgarh,0.0,0.0,1.0
Wood Apple-Aegle marmelos,Delhi,1.0,0.0,0.0
Wood Apple-Aegle marmelos,Goa,1.0,1.0,0.0
Wood Apple-Aegle marmelos,Gujarat,1.875,1.28125,1.0625
Wood Apple-Aegle marmelos,Haryana,2.0,2.0,0.0
Wood Apple-Aegle marmelos,Jammu and Kashmir,2.0,0.0,0.0
Wood Apple-Aegle marmelos,Jharkhand,0.0,0.0,0.0
Wood Apple-Aegle marmelos,Karnataka,0.7333333333333333,0.0,0.8666666666666667
Wood Apple-Aegle marmelos,Kerala,1.3439161252215004,0.8461311281748376,0.7108682811577082
Wood Apple-Aegle marmelos,Madhya Pradesh,1.186046511627907,0.11627906976744186,0.5581395348837209
Wood Apple-Aegle marmelos,Maharashtra,1.6981132075471699,1.0188679245283019,1.3018867924528301
Wood Apple-Aegle marmelos,Odisha,1.3571428571428572,0.14285714285714285,0.35714285714285715
Wood Apple-Aegle marmelos,Puducherry,1.0,0.25,0.0
Wood Apple-Aegle marmelos,Punjab,1.0,0.5,1.5
Wood Apple-Aegle marmelos,Rajasthan,1.2105263157894737,0.0,0.10526315789473684
Wood Apple-Aegle marmelos,Tamil Nadu,1.3417721518987342,0.4050632911392405,0.5949367088607594
Wood Apple-Aegle marmelos,Telangana,1.4193548387096775,0.9354838709677419,1.1935483870967742
Wood Apple-Aegle marmelos,Tripura,0.0,0.0,1.0
Wood Apple-Aegle marmelos,Uttar Pradesh,1.3333333333333333,0.6666666666666666,0.3333333333333333
Wood Apple-Aegle marmelos,Uttarakhand,1.4615384615384615,0.15384615384615385,0.15384615384615385
Wood Apple-Aegle marmelos,West Bengal,0.9512195121951219,0.36585365853658536,0.7560975609756098
